Date,Open_Price,High_Price,Low_Price,Close_Price,Adj_Close_Price,Volume
1/2/13,35,35.450001,34.709999,35.360001,35.360001,1194800
1/3/13,35.18,35.450001,34.75,34.77,34.77,742000
1/4/13,34.799999,34.799999,33.919998,34.400002,34.400002,674000
1/7/13,34.799999,34.799999,33.900002,34.34,34.34,442000
1/8/13,34.5,34.5,33.110001,33.68,33.68,1284000
1/9/13,34.009998,34.189999,33.400002,33.639999,33.639999,698000
1/10/13,33.869999,33.990002,33.380001,33.529999,33.529999,922500
1/11/13,34.040001,34.040001,32.110001,32.91,32.91,1563200
1/14/13,33.080002,33.380001,32.849998,33.259998,33.259998,925100
1/15/13,33.110001,34.25,33.080002,33.900002,33.900002,1624200
1/16/13,33.849998,34.23,33.73,34.099998,34.099998,1378200
1/17/13,34.16,34.849998,33.919998,34.380001,34.380001,1436700
1/18/13,34.740002,34.779999,33.82,34.52,34.52,3555100
1/22/13,34.560001,35.549999,34.259998,35.189999,35.189999,1920200
1/23/13,35.02,36.240002,34.959999,36,36,1564300
1/24/13,36,37.720001,35.84,36.990002,36.990002,1970400
1/25/13,37,37.540001,36.799999,36.98,36.98,1287800
1/28/13,36.860001,38.709999,36.860001,38.029999,38.029999,1986000
1/29/13,38.099998,38.439999,37.130001,37.950001,37.950001,1426600
1/30/13,37.849998,38,37.43,37.52,37.52,968100
1/31/13,37.869999,37.869999,36.93,37.509998,37.509998,901400
2/1/13,38.169998,38.5,37.619999,38.299999,38.299999,1100600
2/4/13,38.400002,38.419998,37.59,37.740002,37.740002,1128000
2/5/13,38,38.650002,37.68,38.130001,38.130001,1310200
2/6/13,38.18,39.389999,37.900002,39.169998,39.169998,1893200
2/7/13,39.189999,39.68,38.950001,39.48,39.48,1196600
2/8/13,39.450001,40,39.139999,39.240002,39.240002,1139800
2/11/13,37.98,39.150002,37.5,38.419998,38.419998,3266300
2/12/13,38.450001,38.869999,37.290001,37.889999,37.889999,2261300
2/13/13,38.299999,39,38.049999,38.450001,38.450001,966800
2/14/13,38.639999,38.75,38.209999,38.27,38.27,990700
2/15/13,38.5,38.509998,36.950001,37.040001,37.040001,2017600
2/19/13,37.360001,39.290001,37.310001,39.279999,39.279999,2701400
2/20/13,39.299999,39.650002,38.459999,38.540001,38.540001,3122000
2/21/13,36.490002,37.389999,34.540001,35.16,35.16,9037800
2/22/13,35.720001,36.389999,35.599998,36.110001,36.110001,2547300
2/25/13,36.150002,36.75,34.34,34.380001,34.380001,2889400
2/26/13,34.459999,34.959999,33.799999,34.43,34.43,2762900
2/27/13,34.41,35.41,34.400002,35.099998,35.099998,1959200
2/28/13,35.889999,36.099998,34.369999,34.830002,34.830002,1964900
3/1/13,35,35.080002,34.25,34.650002,34.650002,1546600
3/4/13,34.77,35.830002,34.700001,35.580002,35.580002,1757700
3/5/13,36,36.919998,35.790001,36.650002,36.650002,2087000
3/6/13,37.009998,37.880001,36.970001,37.689999,37.689999,1150000
3/7/13,37.73,38.650002,36.880001,38.23,38.23,1158300
3/8/13,38.060001,39.439999,37.360001,38.470001,38.470001,912100
3/11/13,38.869999,39.439999,38.650002,39.099998,39.099998,1579500
3/12/13,38.900002,39.380001,38.849998,39.119999,39.119999,1275100
3/13/13,39,39.490002,38.810001,38.98,38.98,822000
3/14/13,38.900002,38.91,36.77,36.849998,36.849998,2021000
3/15/13,36.639999,36.650002,35.209999,35.290001,35.290001,3279600
3/18/13,35.299999,36.060001,34.919998,35.150002,35.150002,1316100
3/19/13,35.25,35.599998,34.939999,35.080002,35.080002,1098500
3/20/13,35.259998,36.07,35.16,35.950001,35.950001,1423000
3/21/13,35.950001,37.060001,35.740002,36.009998,36.009998,1146300
3/22/13,36.200001,36.799999,36.200001,36.619999,36.619999,440200
3/25/13,37.099998,38.52,36.77,37.529999,37.529999,2378800
3/26/13,37.98,38.220001,37.66,37.860001,37.860001,1808200
3/27/13,37.939999,38.380001,37.310001,38.16,38.16,1296300
3/28/13,38.23,38.240002,37.75,37.889999,37.889999,1158700
4/1/13,42.360001,46.68,41.700001,43.93,43.93,14098500
4/2/13,43.599998,45.5,43.509998,44.34,44.34,6652400
4/3/13,43.099998,43.470001,40.209999,41.099998,41.099998,5643600
4/4/13,41.110001,42.25,40.810001,42.009998,42.009998,2264800
4/5/13,42,42,40.5,41.369999,41.369999,1552400
4/8/13,41.970001,42.549999,41.509998,41.830002,41.830002,1679000
4/9/13,41.799999,41.830002,40.330002,40.5,40.5,1696100
4/10/13,40.700001,42.009998,40.610001,41.860001,41.860001,2121100
4/11/13,42.060001,44.549999,41.75,43.59,43.59,3447400
4/12/13,43.25,45.139999,43.049999,43.75,43.75,3149400
4/15/13,43.5,43.799999,42.509998,43.299999,43.299999,1681400
4/16/13,44.189999,46.139999,43.91,45.59,45.59,3180400
4/17/13,45.5,45.950001,44.540001,45.450001,45.450001,2118500
4/18/13,45.98,47.599998,45.389999,46.970001,46.970001,3367900
4/19/13,47.459999,49.880001,47.07,47.830002,47.830002,3011700
4/22/13,48.599998,50.200001,47.75,50.189999,50.189999,3939400
4/23/13,51,52.919998,50.66,51.009998,51.009998,3733800
4/24/13,50.900002,51.049999,48.98,50.43,50.43,2630000
4/25/13,50.5,52.400002,50.5,52,52,2795900
4/26/13,53.130001,53.740002,50.619999,51.200001,51.200001,3622100
4/29/13,51.759998,54.990002,51.200001,54.939999,54.939999,3639700
4/30/13,56,58.18,53.759998,53.990002,53.990002,5522600
5/1/13,55.990002,55.990002,53,53.279999,53.279999,2742800
5/2/13,53.849998,55.27,53.700001,54.110001,54.110001,3050400
5/3/13,56.470001,56.470001,54.5,54.549999,54.549999,3378700
5/6/13,56.389999,59.66,55.5,59.5,59.5,4366700
5/7/13,62,62.369999,55.119999,55.509998,55.509998,9991000
5/8/13,57.5,58.200001,55.709999,55.790001,55.790001,6769900
5/9/13,70.120003,75.769997,63.689999,69.400002,69.400002,28605000
5/10/13,69.650002,81,69.25,76.760002,76.760002,25082600
5/13/13,80.989998,88,79.150002,87.800003,87.800003,22416900
5/14/13,94.220001,97.120003,81.150002,83.239998,83.239998,37163900
5/15/13,81.800003,86.879997,78.110001,84.839996,84.839996,16878700
5/16/13,94.699997,95,88.660004,92.25,92.25,21614000
5/17/13,92.5,94.440002,87.5,91.5,91.5,19002200
5/20/13,91.120003,92.5,88.629997,89.940002,89.940002,8348400
5/21/13,88.5,89.989998,85.279999,87.589996,87.589996,8998200
5/22/13,86.370003,90.959999,85.5,87.239998,87.239998,8568000
5/23/13,84.809998,93.010002,83.050003,92.730003,92.730003,12022200
5/24/13,92.599998,97.949997,92,97.080002,97.080002,16124200
5/28/13,101.550003,110.75,100.300003,110.330002,110.330002,19691900
5/29/13,113.550003,114.900002,99,104.629997,104.629997,25099500
5/30/13,102.459999,109.540001,101.199997,104.949997,104.949997,16133700
5/31/13,106.260002,106.440002,97.730003,97.760002,97.760002,15172000
6/3/13,97.620003,97.620003,88.25,92.589996,92.589996,19139600
6/4/13,92.75,96.419998,92.400002,94.839996,94.839996,8856100
6/5/13,93.660004,97.970001,89.110001,95.370003,95.370003,12224800
6/6/13,95.25,99.269997,95.110001,97.349998,97.349998,9510900
6/7/13,98,102.900002,96.699997,102.040001,102.040001,10711600
6/10/13,98.93,102.519997,98.57,100.050003,100.050003,9228600
6/11/13,98.18,98.68,94.050003,94.470001,94.470001,7394000
6/12/13,96.800003,100.480003,95.75,97.730003,97.730003,9192700
6/13/13,99,99.279999,95.120003,98.18,98.18,5961600
6/14/13,100,102.519997,99.330002,100.300003,100.300003,6564700
6/17/13,103.599998,104.75,101.199997,102.199997,102.199997,7066200
6/18/13,101.75,103.980003,99.199997,103.389999,103.389999,8795300
6/19/13,102.059998,106.669998,102.010002,104.68,104.68,8578900
6/20/13,104.650002,107.129997,99.449997,100.650002,100.650002,10106500
6/21/13,103.699997,103.699997,97.5,99.550003,99.550003,11718600
6/24/13,96.5,102.870003,95.300003,101.489998,101.489998,7119800
6/25/13,103.099998,104.199997,100.550003,102.400002,102.400002,5848700
6/26/13,103.800003,105.870003,102.660004,105.720001,105.720001,6602600
6/27/13,106.75,110.25,106.129997,109.25,109.25,8744900
6/28/13,108.57,109.440002,106.709999,107.360001,107.360001,5748600
7/1/13,109.360001,117.769997,109.150002,117.18,117.18,10903600
7/2/13,118.25,121.889999,115.5,117.82,117.82,12064100
7/3/13,118,119.25,114.269997,115.239998,115.239998,4806700
7/5/13,118.32,120.279999,115.699997,120.089996,120.089996,6818700
7/8/13,121.370003,122.18,118.82,121.610001,121.610001,7814200
7/9/13,124.639999,125.32,121.910004,123.449997,123.449997,8603300
7/10/13,123.190002,123.25,120.790001,122.269997,122.269997,5600100
7/11/13,124.879997,126.089996,122.349998,125.610001,125.610001,7483600
7/12/13,125.5,129.940002,124.510002,129.899994,129.899994,11344000
7/15/13,133.029999,133.259995,126.82,127.260002,127.260002,9922400
7/16/13,126.279999,126.32,107.300003,109.050003,109.050003,32371900
7/17/13,106.519997,121.620003,104.5,120.25,120.25,26029000
7/18/13,120.970001,122.730003,116.18,119.029999,119.029999,11398100
7/19/13,118.5,120.550003,116.510002,119.68,119.68,5890300
7/22/13,119.889999,126.68,119.879997,122.43,122.43,9797800
7/23/13,124,125.559998,121.82,122.739998,122.739998,7736400
7/24/13,124.470001,124.5,119.559998,121.699997,121.699997,6869000
7/25/13,120.400002,124.75,120.190002,124.07,124.07,5284300
7/26/13,128.139999,130.679993,126.610001,129.389999,129.389999,9633100
7/29/13,129.320007,135.369995,128.25,134.619995,134.619995,9678900
7/30/13,134.800003,137.490005,128.179993,131.740005,131.740005,13127000
7/31/13,132.570007,134.970001,131.449997,134.279999,134.279999,6351700
8/1/13,135,136.520004,132.630005,135.550003,135.550003,5323600
8/2/13,134.589996,138.25,133.610001,138,138,6269900
8/5/13,140.009995,144.889999,139.649994,144.679993,144.679993,10200700
8/6/13,144.75,145.729996,141.100006,142.149994,142.149994,9254500
8/7/13,141.889999,141.949997,132.360001,134.229996,134.229996,18212200
8/8/13,154.350006,158.880005,150.460007,153.479996,153.479996,27246800
8/9/13,152.399994,155.949997,151.25,153,153,8927700
8/12/13,149.429993,150.5,142.050003,147.380005,147.380005,14912200
8/13/13,149.5,149.839996,144.449997,145.429993,145.429993,8748900
8/14/13,142.720001,144.839996,138.050003,139.360001,139.360001,11693800
8/15/13,136.429993,143.600006,135,139.669998,139.669998,10179200
8/16/13,141.630005,143.910004,140.970001,142,142,7108100
8/19/13,143.429993,147.380005,142.830002,144.899994,144.899994,8037700
8/20/13,148.649994,149.779999,147,149.580002,149.580002,6418200
8/21/13,150,150.309998,146.25,147.860001,147.860001,6266300
8/22/13,149.220001,157.479996,148.139999,157.100006,157.100006,10592400
8/23/13,157,162.300003,155,161.839996,161.839996,12931900
8/26/13,165.149994,173,160.25,164.220001,164.220001,24171100
8/27/13,162.300003,168.800003,160.949997,167.009995,167.009995,17566900
8/28/13,169.059998,171.5,163.25,166.449997,166.449997,14740100
8/29/13,164.220001,167.75,162.509995,166.059998,166.059998,9436000
8/30/13,166.369995,169.210007,163.960007,169,169,11028400
9/3/13,173.399994,173.699997,166.399994,168.940002,168.940002,12061100
9/4/13,169.770004,171.619995,165.559998,170.619995,170.619995,11475700
9/5/13,170.100006,171.5,168.25,169.929993,169.929993,6685300
9/6/13,168.570007,169.699997,165.149994,166.970001,166.970001,8619700
9/9/13,163.119995,164.5,158.509995,160.699997,160.699997,14344500
9/10/13,161.449997,167.5,160.630005,166.369995,166.369995,8967800
9/11/13,166.410004,167.899994,162.130005,163.520004,163.520004,5832500
9/12/13,164,166.759995,160.509995,164.929993,164.929993,6160000
9/13/13,162.770004,166.369995,162.160004,165.539993,165.539993,5401200
9/16/13,168,170.850006,165.850006,166.580002,166.580002,7574900
9/17/13,165.080002,168.419998,163.360001,166.229996,166.229996,5496900
9/18/13,167.070007,167.449997,164.199997,166.220001,166.220001,5439700
9/19/13,170.800003,180.470001,169.080002,177.919998,177.919998,15594600
9/20/13,178.899994,185.830002,178.559998,183.389999,183.389999,13401700
9/23/13,184.479996,185.479996,177.110001,181.110001,181.110001,8173400
9/24/13,179.139999,184.960007,177.649994,182.330002,182.330002,6273400
9/25/13,183.559998,186.300003,180.5,185.240005,185.240005,8252700
9/26/13,186.699997,189.679993,185.610001,188.639999,188.639999,6614400
9/27/13,187.520004,191.279999,186.429993,190.899994,190.899994,5916400
9/30/13,189,194.5,188,193.369995,193.369995,8924700
10/1/13,193.960007,194.229996,188.369995,193,193,7755900
10/2/13,188.589996,191.830002,175.399994,180.949997,180.949997,20775400
10/3/13,175.050003,179.690002,168,173.309998,173.309998,23816500
10/4/13,176.399994,181.179993,172.649994,180.979996,180.979996,14414000
10/7/13,182.460007,186.729996,180.259995,183.070007,183.070007,11485600
10/8/13,184.399994,185.929993,173.210007,174.729996,174.729996,13757200
10/9/13,174.729996,174.990005,161.5,168.779999,168.779999,15316500
10/10/13,173.089996,175.75,169.690002,172.929993,172.929993,8883900
10/11/13,172.75,179.289993,171.199997,178.699997,178.699997,8311100
10/14/13,175,182.5,174.149994,179.720001,179.720001,7769600
10/15/13,185.279999,188.789993,183.179993,183.940002,183.940002,10978500
10/16/13,184.899994,187.300003,182.089996,183.559998,183.559998,8205400
10/17/13,183.539993,184.800003,180.990005,182.800003,182.800003,6705000
10/18/13,184.149994,185.960007,182.520004,183.399994,183.399994,5930800
10/21/13,183.279999,183.389999,171,172.600006,172.600006,11532100
10/22/13,170.5,177.779999,166.110001,171.539993,171.539993,11386700
10/23/13,168.910004,171.809998,160.149994,164.5,164.5,13320400
10/24/13,165,174.5,162.830002,173.149994,173.149994,10825700
10/25/13,174.210007,174.5,166.800003,169.660004,169.660004,7595500
10/28/13,170.179993,170.5,162.199997,162.860001,162.860001,7841700
10/29/13,162.759995,165.449997,153,164.470001,164.470001,14111700
10/30/13,164.630005,167.679993,158.169998,159.220001,159.220001,8401800
10/31/13,155.669998,162.440002,153.300003,159.940002,159.940002,9333800
11/1/13,163,165.899994,160.410004,162.169998,162.169998,7180600
11/4/13,165,175.389999,164.220001,175.199997,175.199997,13120400
11/5/13,180,181.429993,171.360001,176.809998,176.809998,22467100
11/6/13,154.809998,160.729996,146.350006,151.160004,151.160004,31071700
11/7/13,144.190002,145.649994,137.619995,139.770004,139.770004,22284700
11/8/13,136.479996,140.600006,132.320007,137.949997,137.949997,22477900
11/11/13,141,145.419998,137.100006,144.699997,144.699997,13997600
11/12/13,144.690002,144.699997,136.179993,137.800003,137.800003,14985200
11/13/13,140.839996,142.369995,136.339996,138.699997,138.699997,12658300
11/14/13,138.919998,140.399994,134.110001,137.600006,137.600006,12203700
11/15/13,136.850006,137.949997,134.350006,135.449997,135.449997,9900200
11/18/13,135.270004,135.449997,119.610001,121.580002,121.580002,23138200
11/19/13,119.43,129,119.220001,126.089996,126.089996,19816200
11/20/13,126.080002,127.449997,119.059998,121.110001,121.110001,13849600
11/21/13,122.889999,124.790001,120.25,122.099998,122.099998,11903800
11/22/13,121.580002,122.75,117.93,121.379997,121.379997,11096700
11/25/13,124.5,125.839996,120.300003,120.839996,120.839996,10267300
11/26/13,119.379997,122.720001,116.099998,120.5,120.5,13885500
11/27/13,121.309998,126.949997,119.519997,126.940002,126.940002,12367600
11/29/13,129.770004,130.589996,126.980003,127.279999,127.279999,9716200
12/2/13,126.349998,128.550003,123.93,124.169998,124.169998,7751200
12/3/13,132.679993,144.940002,131.589996,144.699997,144.699997,25682400
12/4/13,144.320007,144.429993,137.130005,138.949997,138.949997,13147700
12/5/13,140.149994,143.350006,139.5,140.479996,140.479996,9288400
12/6/13,141.509995,142.490005,136.300003,137.360001,137.360001,7909600
12/9/13,137,141.699997,134.210007,141.600006,141.600006,9061500
12/10/13,140.050003,145.869995,139.860001,142.190002,142.190002,10748200
12/11/13,141.880005,143.050003,139.490005,139.649994,139.649994,7137800
12/12/13,139.699997,148.240005,138.529999,147.470001,147.470001,10767800
12/13/13,148.050003,151.800003,147.320007,147.649994,147.649994,10591900
12/16/13,148.479996,150.429993,146.100006,147.940002,147.940002,6675300
12/17/13,147.580002,154.630005,146.320007,152.460007,152.460007,10495000
12/18/13,152.240005,154.899994,145.949997,147.979996,147.979996,11581900
12/19/13,146.899994,147,139.100006,140.720001,140.720001,12740000
12/20/13,141.580002,144.350006,141.580002,143.240005,143.240005,7412600
12/23/13,144.850006,146.240005,142.600006,143.550003,143.550003,5385500
12/24/13,150,154.970001,149.820007,151.410004,151.410004,9941500
12/26/13,155.039993,158,154.289993,155.5,155.5,7129500
12/27/13,155.300003,155.5,150.800003,151.119995,151.119995,5460200
12/30/13,151.119995,154.809998,150.75,152.440002,152.440002,4467500
12/31/13,152.320007,153.199997,148.660004,150.429993,150.429993,4262400
1/2/14,149.800003,152.479996,146.550003,150.100006,150.100006,6188400
1/3/14,150,152.190002,148.600006,149.559998,149.559998,4695000
1/6/14,150,150.399994,145.240005,147,147,5361100
1/7/14,147.619995,150.399994,145.25,149.360001,149.360001,5034100
1/8/14,148.850006,153.699997,148.759995,151.279999,151.279999,6163200
1/9/14,152.5,153.429993,146.850006,147.529999,147.529999,5382000
1/10/14,148.460007,148.899994,142.25,145.720001,145.720001,7446100
1/13/14,145.779999,147,137.820007,139.339996,139.339996,6316100
1/14/14,140.5,162,136.669998,161.270004,161.270004,27607000
1/15/14,168.449997,172.229996,162.100006,164.130005,164.130005,20465600
1/16/14,162.5,172.699997,162.399994,170.970001,170.970001,11959400
1/17/14,170.190002,173.199997,167.949997,170.009995,170.009995,9206200
1/21/14,171.240005,177.289993,170.809998,176.679993,176.679993,9734700
1/22/14,177.809998,180.320007,174.759995,178.559998,178.559998,7022600
1/23/14,177.229996,182.380005,173.419998,181.5,181.5,7867400
1/24/14,177.850006,180.479996,173.529999,174.600006,174.600006,7664300
1/27/14,175.160004,177.919998,164.710007,169.619995,169.619995,8716400
1/28/14,171.5,178.979996,171,178.380005,178.380005,6093400
1/29/14,175.300003,179.089996,173.130005,175.229996,175.229996,5935500
1/30/14,178,184.779999,177.009995,182.839996,182.839996,8565000
1/31/14,178.850006,186,178.509995,181.410004,181.410004,6508800
2/3/14,182.889999,184.880005,175.160004,177.110001,177.110001,6764900
2/4/14,180.699997,181.600006,176.199997,178.729996,178.729996,4686300
2/5/14,178.300003,180.589996,169.360001,174.419998,174.419998,7268000
2/6/14,176.300003,180.110001,176,178.380005,178.380005,5841600
2/7/14,181.009995,186.630005,179.600006,186.529999,186.529999,8928500
2/10/14,189.339996,199.300003,189.320007,196.559998,196.559998,12970700
2/11/14,198.970001,202.199997,192.699997,196.619995,196.619995,10709900
2/12/14,195.779999,198.270004,194.320007,195.320007,195.320007,5173700
2/13/14,193.339996,202.720001,193.25,199.630005,199.630005,8029300
2/14/14,198.100006,201.880005,197,198.229996,198.229996,6158000
2/18/14,205.240005,206,201.360001,203.699997,203.699997,9332800
2/19/14,203.699997,203.699997,193.410004,193.639999,193.639999,16169000
2/20/14,215.009995,215.210007,206.270004,209.970001,209.970001,18002300
2/21/14,211.639999,213.979996,209.190002,209.600006,209.600006,7818800
2/24/14,208.759995,218.360001,208.320007,217.649994,217.649994,8278400
2/25/14,230,259.200012,228.449997,248,248,32681700
2/26/14,258.579987,265,247.5,253,253,24604600
2/27/14,261.25,261.899994,248.330002,252.539993,252.539993,17945800
2/28/14,249.649994,252.679993,242.550003,244.809998,244.809998,14589800
3/3/14,237.259995,251.649994,234.990005,250.559998,250.559998,13089300
3/4/14,258.480011,260,252.830002,254.839996,254.839996,8745600
3/5/14,256.720001,256.98999,251.800003,252.660004,252.660004,5935700
3/6/14,254.139999,257.5,249.449997,252.940002,252.940002,7361100
3/7/14,252.940002,254.850006,244.410004,246.210007,246.210007,7812300
3/10/14,242.699997,243,236.059998,238.839996,238.839996,7728100
3/11/14,236.5,244.600006,232.429993,234.410004,234.410004,8810100
3/12/14,231.5,247.5,231.110001,241.490005,241.490005,9754400
3/13/14,243.789993,244.190002,234,237.789993,237.789993,6236300
3/14/14,235.289993,236.940002,228.320007,230.970001,230.970001,8289700
3/17/14,234.949997,237.929993,230.5,233.979996,233.979996,5912600
3/18/14,236.949997,241.5,235.020004,240.039993,240.039993,6242300
3/19/14,241.389999,241.550003,233.509995,235.839996,235.839996,5071300
3/20/14,236.160004,239.25,233.360001,234.910004,234.910004,3817900
3/21/14,236.020004,236.199997,227.5,228.889999,228.889999,8216900
3/24/14,229.75,229.899994,210.270004,220.169998,220.169998,11328800
3/25/14,224.139999,227.050003,217.899994,220.440002,220.440002,7865400
3/26/14,221.949997,222.600006,211.350006,212.960007,212.960007,6907300
3/27/14,212.369995,213.600006,203,207.320007,207.320007,9495700
3/28/14,212.800003,216.720001,210.270004,212.369995,212.369995,9684800
3/31/14,216.5,216.75,206.389999,208.449997,208.449997,8380000
4/1/14,209.020004,218.160004,208.580002,216.970001,216.970001,7371400
4/2/14,220,230.889999,218.050003,230.289993,230.289993,10782300
4/3/14,230.300003,235.729996,222,225.399994,225.399994,10923700
4/4/14,226.009995,228.270004,211.25,212.229996,212.229996,11345600
4/7/14,205.809998,216.199997,203.509995,207.520004,207.520004,9855500
4/8/14,210.050003,216.490005,206.419998,215.460007,215.460007,6889300
4/9/14,216.759995,218.449997,210.889999,216.929993,216.929993,5157900
4/10/14,216.820007,217.5,203.789993,204.190002,204.190002,7211500
4/11/14,200.610001,207,198.600006,203.779999,203.779999,9067200
4/14/14,207.600006,208.440002,194.410004,198.089996,198.089996,7703000
4/15/14,199.089996,199.289993,184.320007,193.910004,193.910004,13659300
4/16/14,197,199.990005,190.820007,199.110001,199.110001,7202200
4/17/14,199.610001,202.289993,194.080002,198.119995,198.119995,5926800
4/21/14,197.080002,206.199997,194,204.380005,204.380005,5258200
4/22/14,206.360001,219.330002,205.009995,218.639999,218.639999,9804700
4/23/14,216.330002,216.740005,207,207.990005,207.990005,7295600
4/24/14,210.809998,212.800003,203.199997,207.860001,207.860001,5495200
4/25/14,202,206.699997,197.649994,199.850006,199.850006,6996700
4/28/14,200,203.789993,190.5,198.509995,198.509995,7042000
4/29/14,198.210007,207.149994,195.529999,206.919998,206.919998,5779100
4/30/14,203.600006,208.160004,201.279999,207.889999,207.889999,4440600
5/1/14,207.080002,214.020004,205.690002,207.729996,207.729996,5439900
5/2/14,208.600006,211.360001,206.520004,210.910004,210.910004,4086800
5/5/14,209.479996,217.690002,208.520004,216.610001,216.610001,5147000
5/6/14,216.600006,218.660004,206.850006,207.279999,207.279999,5636700
5/7/14,209.639999,210.199997,197.25,201.350006,201.350006,10179300
5/8/14,182,194.399994,178,178.589996,178.589996,20056600
5/9/14,179.860001,183.399994,177.220001,182.259995,182.259995,8495200
5/12/14,183.869995,187.190002,179.880005,184.669998,184.669998,7002300
5/13/14,183.759995,191.339996,183,190.160004,190.160004,7097200
5/14/14,188.949997,193.479996,187.100006,190.619995,190.619995,5406700
5/15/14,189.979996,192.660004,185.300003,188.589996,188.589996,6040400
5/16/14,188.949997,192.039993,187.720001,191.559998,191.559998,4487700
5/19/14,190.720001,196.889999,190,196.089996,196.089996,4571700
5/20/14,196.940002,199.330002,193.070007,195.300003,195.300003,5546100
5/21/14,196.179993,199.869995,194.789993,199.449997,199.449997,5285400
5/22/14,200.350006,206.880005,199.559998,204.880005,204.880005,6214500
5/23/14,204.529999,207.759995,202.5,207.300003,207.300003,4006800
5/27/14,208.520004,213.869995,207.699997,211.559998,211.559998,5341100
5/28/14,210.020004,212.770004,205.259995,210.240005,210.240005,5495100
5/29/14,210.570007,212.490005,207.720001,210.240005,210.240005,3692500
5/30/14,210.300003,214.800003,207.020004,207.770004,207.770004,5581100
6/2/14,207.330002,209.350006,201.669998,204.699997,204.699997,4668100
6/3/14,203.490005,208,202.589996,204.940002,204.940002,3860800
6/4/14,204.350006,206.259995,200.399994,203.990005,203.990005,3427400
6/5/14,204.470001,209.199997,204.050003,206.899994,206.899994,4054600
6/6/14,209.75,210.809998,207.179993,208.169998,208.169998,3073800
6/9/14,207.949997,209.990005,204.199997,205.309998,205.309998,2805700
6/10/14,204.429993,206.970001,201.550003,202.300003,202.300003,3514700
6/11/14,201.5,205,199.25,204.470001,204.470001,3977500
6/12/14,205.100006,209.880005,202.710007,203.520004,203.520004,5993700
6/13/14,204.779999,206.789993,201.580002,206.419998,206.419998,3544300
6/16/14,206.759995,225.490005,206.259995,224.610001,224.610001,13246400
6/17/14,224.110001,235.539993,222.850006,231.669998,231.669998,13304900
6/18/14,231.5,231.710007,226.119995,227.119995,227.119995,6940200
6/19/14,228.880005,235.309998,227,227.789993,227.789993,8793100
6/20/14,228.520004,231.289993,226.199997,229.589996,229.589996,4903900
6/23/14,229.509995,238.990005,228.220001,237.220001,237.220001,7791100
6/24/14,238.970001,241.880005,231.630005,232.5,232.5,8075900
6/25/14,233.050003,237.550003,230.240005,236.889999,236.889999,5801600
6/26/14,237.169998,240.399994,234.210007,235.600006,235.600006,5121400
6/27/14,234.690002,240,234.5,239.059998,239.059998,5635000
6/30/14,239.550003,244.490005,239,240.059998,240.059998,4828600
7/1/14,242.460007,243.440002,238.699997,239.720001,239.720001,4336100
7/2/14,240.660004,242.330002,227.070007,229.429993,229.429993,8027400
7/3/14,231.289993,231.899994,224,229.25,229.25,5166700
7/7/14,227.5,229.779999,220.399994,222.660004,222.660004,5893700
7/8/14,218.649994,220.960007,214.270004,219.070007,219.070007,7836200
7/9/14,221.270004,224.220001,219.210007,223.059998,223.059998,4115400
7/10/14,217.179993,222.220001,216.039993,219.460007,219.460007,4863900
7/11/14,220.610001,221.600006,217.600006,218.130005,218.130005,3302300
7/14/14,219.990005,228.789993,215.449997,226.699997,226.699997,7203200
7/15/14,226.729996,227.649994,218.100006,219.580002,219.580002,5718500
7/16/14,221.820007,224.800003,216.820007,217.160004,217.160004,4044500
7/17/14,216.160004,220.550003,213.600006,215.399994,215.399994,4649400
7/18/14,215.949997,221.210007,215.929993,220.020004,220.020004,4253700
7/21/14,217.25,223.210007,216.720001,220.539993,220.539993,3822200
7/22/14,222.190002,223.300003,219.110001,219.580002,219.580002,2730000
7/23/14,220.009995,224.75,219.429993,222.490005,222.490005,3083300
7/24/14,223.25,225.100006,220.800003,223.539993,223.539993,3245500
7/25/14,222.720001,226.970001,221.75,223.570007,223.570007,3087100
7/28/14,224.25,232,221.399994,224.820007,224.820007,6514300
7/29/14,226.610001,228.300003,224.860001,225.009995,225.009995,3382400
7/30/14,221.919998,229.600006,221.039993,228.919998,228.919998,4927800
7/31/14,229.259995,231.399994,221.5,223.300003,223.300003,7749100
8/1/14,226.089996,237.5,226,233.270004,233.270004,11895800
8/4/14,234.380005,240.5,233.270004,238.520004,238.520004,5959700
8/5/14,237.470001,242.990005,235.690002,238.490005,238.490005,5388600
8/6/14,238.899994,251.419998,238.580002,248.929993,248.929993,9249300
8/7/14,250.119995,256.690002,249.119995,252.389999,252.389999,7478900
8/8/14,251.160004,251.759995,246.5,248.130005,248.130005,5090100
8/11/14,255.479996,263.73999,255,259.320007,259.320007,8101300
8/12/14,258.079987,260.299988,254.580002,259.959991,259.959991,6382300
8/13/14,262.01001,265.640015,259.609985,260.309998,260.309998,6932600
8/14/14,262.48999,263,256.5,261.380005,261.380005,4126600
8/15/14,261.480011,262.089996,258.5,262.01001,262.01001,3867900
8/18/14,263.25,267.26001,259.75,259.940002,259.940002,5849200
8/19/14,258.869995,259.329987,251.619995,256.76001,256.76001,5334800
8/20/14,254.669998,258.73999,253,255.710007,255.710007,3027900
8/21/14,256.519989,258.799988,253.259995,254.339996,254.339996,2915600
8/22/14,254.539993,256.950012,252.610001,256.779999,256.779999,2833400
8/25/14,258.190002,263.679993,258.190002,262.549988,262.549988,4318100
8/26/14,264.980011,265.5,261.660004,261.73999,261.73999,3818000
8/27/14,263.5,264.23999,260.290009,263.25,263.25,2985100
8/28/14,261.890015,264.480011,261.640015,263.859985,263.859985,2844900
8/29/14,268.700012,272,267.51001,269.700012,269.700012,6447100
9/2/14,275.5,284.890015,274.299988,284.119995,284.119995,9852400
9/3/14,287.670013,288,280.100006,281.190002,281.190002,6772300
9/4/14,284.01001,291.420013,280.399994,286.040009,286.040009,8341700
9/5/14,282.549988,282.899994,272.51001,277.390015,277.390015,11169900
9/8/14,277.619995,284.880005,277.519989,282.109985,282.109985,5501600
9/9/14,282.98999,285.48999,277,278.480011,278.480011,4558800
9/10/14,279.5,281.410004,273.660004,281.100006,281.100006,3781300
9/11/14,280.459991,284.790009,278.630005,280.309998,280.309998,3766100
9/12/14,280.5,282.390015,277,279.200012,279.200012,3324600
9/15/14,274.369995,274.399994,249.130005,253.860001,253.860001,16455400
9/16/14,255.149994,262.459991,252.419998,260.73999,260.73999,8300100
9/17/14,262.410004,264.700012,259.5,261.380005,261.380005,5177700
9/18/14,263.359985,265.600006,262.320007,263.820007,263.820007,3692600
9/19/14,257.98999,261.429993,255.270004,259.320007,259.320007,6810900
9/22/14,255,256.019989,244.710007,250.029999,250.029999,8214100
9/23/14,245.220001,253.800003,245,250.410004,250.410004,5658700
9/24/14,251.119995,252.839996,247.039993,252.139999,252.139999,3749500
9/25/14,252.520004,254.960007,246.100006,246.949997,246.949997,4834200
9/26/14,248.25,249.729996,246.070007,246.600006,246.600006,3795400
9/29/14,244,248.639999,241.380005,245.259995,245.259995,4852700
9/30/14,246.919998,247.649994,240.119995,242.679993,242.679993,4238300
10/1/14,242.199997,242.660004,235.649994,240.240005,240.240005,5941700
10/2/14,250.199997,252.789993,245.360001,251.419998,251.419998,8998200
10/3/14,253.059998,256.5,251.029999,255.210007,255.210007,5406300
10/6/14,259.130005,262.48999,257.799988,260.619995,260.619995,7713300
10/7/14,258.529999,261.459991,255.729996,259.570007,259.570007,4485500
10/8/14,260.100006,262.880005,252.639999,259.279999,259.279999,5055100
10/9/14,262.25,265.540009,254.399994,257.01001,257.01001,7361300
10/10/14,244.639999,245.889999,235.199997,236.910004,236.910004,12888300
10/13/14,238.570007,238.960007,221,224.589996,224.589996,11268700
10/14/14,228.25,232.470001,223,227.059998,227.059998,7105300
10/15/14,220,230.990005,217.320007,229.699997,229.699997,9147300
10/16/14,219.720001,229.919998,219.100006,226.350006,226.350006,5399300
10/17/14,233.380005,234.770004,226.550003,227.479996,227.479996,10549400
10/20/14,226.720001,232.399994,225.509995,230.470001,230.470001,3494400
10/21/14,234.270004,235.389999,230.800003,235.339996,235.339996,4130300
10/22/14,233.190002,237.389999,230.559998,231.100006,231.100006,4116600
10/23/14,234.660004,236.279999,232,235.289993,235.289993,3492400
10/24/14,236.270004,237.800003,231.199997,235.240005,235.240005,3463300
10/27/14,234.25,234.610001,220.309998,221.669998,221.669998,9553300
10/28/14,229.600006,244.600006,228.25,242.770004,242.770004,10516300
10/29/14,241.130005,241.5,235.639999,238.100006,238.100006,4962500
10/30/14,238.139999,240.5,235.059998,238.660004,238.660004,3228400
10/31/14,242.509995,243.119995,238.75,241.699997,241.699997,3775300
11/3/14,243,247.559998,241.320007,242.589996,242.589996,4203800
11/4/14,240.490005,242.350006,236.529999,238.929993,238.929993,3682600
11/5/14,241,241.360001,230.529999,230.970001,230.970001,9045900
11/6/14,234.490005,246.690002,228.5,241.220001,241.220001,15354700
11/7/14,242.190002,242.839996,237.199997,240.199997,240.199997,5161000
11/10/14,239.110001,242.880005,236.800003,241.929993,241.929993,4577200
11/11/14,242.550003,251.820007,242,251.080002,251.080002,7948800
11/12/14,249.720001,252.339996,245.580002,249.100006,249.100006,5870800
11/13/14,250.619995,255.75,250.25,251.699997,251.699997,6236000
11/14/14,250,258.850006,248.5,258.679993,258.679993,6101100
11/17/14,257.48999,259,252.020004,253.979996,253.979996,4025700
11/18/14,255.860001,259.98999,255.509995,257.700012,257.700012,4473000
11/19/14,250.610001,251.880005,245.600006,247.740005,247.740005,7918500
11/20/14,247.949997,250.929993,246,248.710007,248.710007,3587200
11/21/14,252.210007,252.779999,242.169998,242.779999,242.779999,7485100
11/24/14,245.199997,247.600006,240.639999,246.720001,246.720001,4789700
11/25/14,247.350006,249.720001,246.089996,248.089996,248.089996,3159800
11/26/14,248.339996,249,246.600006,248.440002,248.440002,1981200
11/28/14,245.350006,246.690002,242.520004,244.520004,244.520004,2119700
12/1/14,241.160004,242.470001,229.009995,231.639999,231.639999,8619400
12/2/14,234.570007,234.880005,228,231.429993,231.429993,5887000
12/3/14,226.25,229.720001,225.5,229.300003,229.300003,5307700
12/4/14,228.600006,230.899994,227.809998,228.279999,228.279999,3855600
12/5/14,228.669998,229.389999,222.259995,223.710007,223.710007,6063600
12/8/14,221.539993,224.860001,212.339996,214.360001,214.360001,9225600
12/9/14,209.339996,217.729996,204.270004,216.889999,216.889999,9431500
12/10/14,214.130005,216.770004,207.699997,209.839996,209.839996,7314100
12/11/14,210.529999,215.429993,208.229996,208.880005,208.880005,6694400
12/12/14,204.820007,211.679993,204.5,207,207,7173800
12/15/14,209.289993,209.800003,202.669998,204.039993,204.039993,5218300
12/16/14,200.889999,203.679993,195.369995,197.809998,197.809998,8426100
12/17/14,193.059998,206.649994,192.649994,205.820007,205.820007,7367800
12/18/14,212.380005,218.440002,211.800003,218.259995,218.259995,7483300
12/19/14,220.190002,220.399994,214.5,219.289993,219.289993,6910500
12/22/14,220,224.059998,218.259995,222.600006,222.600006,4799400
12/23/14,223.809998,224.320007,219.520004,220.970001,220.970001,4505700
12/24/14,219.770004,222.5,219.25,222.259995,222.259995,1332200
12/26/14,221.509995,228.5,221.5,227.820007,227.820007,3327000
12/29/14,226.899994,227.910004,224.020004,225.710007,225.710007,2802500
12/30/14,223.990005,225.649994,221.399994,222.229996,222.229996,2903200
12/31/14,223.089996,225.679993,222.25,222.410004,222.410004,2297500
1/2/15,222.869995,223.25,213.259995,219.309998,219.309998,4764400
1/5/15,214.550003,216.5,207.160004,210.089996,210.089996,5368500
1/6/15,210.059998,214.199997,204.210007,211.279999,211.279999,6261900
1/7/15,213.350006,214.779999,209.779999,210.949997,210.949997,2968400
1/8/15,212.809998,213.800003,210.009995,210.619995,210.619995,3442500
1/9/15,208.919998,209.979996,204.960007,206.660004,206.660004,4668300
1/12/15,203.050003,204.470001,199.25,202.210007,202.210007,5950300
1/13/15,203.320007,207.610001,200.910004,204.25,204.25,4477300
1/14/15,185.830002,195.199997,185,192.690002,192.690002,11551900
1/15/15,194.490005,195.75,190,191.869995,191.869995,5216500
1/16/15,190.699997,194.490005,189.649994,193.070007,193.070007,3603200
1/20/15,193.869995,194.119995,187.039993,191.929993,191.929993,4503200
1/21/15,189.550003,198.679993,189.509995,196.570007,196.570007,4153000
1/22/15,197,203.240005,195.199997,201.619995,201.619995,4116900
1/23/15,200.289993,203.5,198.330002,201.289993,201.289993,3438600
1/26/15,201.830002,208.619995,201.050003,206.550003,206.550003,3234500
1/27/15,204.419998,208.029999,203.300003,205.979996,205.979996,2781000
1/28/15,206.110001,206.369995,198.419998,199.369995,199.369995,3149600
1/29/15,201.070007,205.979996,196.5,205.199997,205.199997,3548100
1/30/15,203.960007,207.470001,203,203.600006,203.600006,3007000
2/2/15,203.970001,211.949997,203.300003,210.940002,210.940002,4149200
2/3/15,213.220001,220.369995,211.270004,218.360001,218.360001,4826200
2/4/15,218.289993,221.479996,216.800003,218.550003,218.550003,3305400
2/5/15,219.880005,225.479996,219.639999,220.990005,220.990005,3522900
2/6/15,222,223.399994,216.5,217.360001,217.360001,3243900
2/9/15,215.380005,217.929993,211.990005,217.479996,217.479996,3472400
2/10/15,217.550003,220.5,215,216.289993,216.289993,5390500
2/11/15,212.210007,214.740005,207.279999,212.800003,212.800003,9769100
2/12/15,193.570007,203.089996,193.279999,202.880005,202.880005,15649600
2/13/15,202.899994,205.990005,200.910004,203.770004,203.770004,6191000
2/17/15,205.699997,205.699997,201.5,204.350006,204.350006,3979600
2/18/15,204.169998,206.169998,202.600006,204.460007,204.460007,2713600
2/19/15,205,212.440002,203.75,211.710007,211.710007,5154100
2/20/15,210.779999,217.600006,209.809998,217.110001,217.110001,5982100
2/23/15,215.660004,218.199997,206.330002,207.339996,207.339996,8499800
2/24/15,207.289993,207.289993,201.699997,204.110001,204.110001,6603600
2/25/15,204.940002,207.139999,202.580002,203.759995,203.759995,3909500
2/26/15,204,211.089996,202.220001,207.190002,207.190002,6472900
2/27/15,206.899994,208.550003,202.800003,203.339996,203.339996,3882100
3/2/15,202.699997,203.339996,195.830002,197.330002,197.330002,7922100
3/3/15,196.809998,200.240005,195.320007,199.559998,199.559998,4432300
3/4/15,199.25,202.520004,197.210007,202.440002,202.440002,4222000
3/5/15,202.850006,206.190002,200.149994,200.630005,200.630005,4877000
3/6/15,199.210007,200.75,192.149994,193.880005,193.880005,6712400
3/9/15,194.389999,194.490005,188.25,190.880005,190.880005,6736700
3/10/15,188.460007,193.5,187.600006,190.320007,190.320007,5579700
3/11/15,191.149994,196.179993,191.009995,193.740005,193.740005,4974900
3/12/15,193.75,194.449997,189.75,191.070007,191.070007,4149300
3/13/15,188.949997,191.75,187.320007,188.679993,188.679993,5434300
3/16/15,192,195.910004,189.800003,195.699997,195.699997,5628800
3/17/15,195.429993,198.710007,193.940002,194.729996,194.729996,4894100
3/18/15,194.960007,200.880005,193.110001,200.710007,200.710007,4820900
3/19/15,202,204.589996,194.529999,195.649994,195.649994,8475200
3/20/15,197.449997,198.990005,195.619995,198.080002,198.080002,4269500
3/23/15,198.5,200.5,197.470001,199.630005,199.630005,2631600
3/24/15,201.580002,203.789993,199.75,201.720001,201.720001,3649900
3/25/15,198.270004,198.589996,192.699997,194.300003,194.300003,5730400
3/26/15,193.919998,194.789993,189.699997,190.410004,190.410004,4128000
3/27/15,189.070007,189.289993,181.399994,185,185,8604900
3/30/15,185.850006,192.25,181.800003,190.570007,190.570007,10089500
3/31/15,193.529999,193.759995,188.410004,188.770004,188.770004,5026600
4/1/15,188.699997,192.300003,186.050003,187.589996,187.589996,3794600
4/2/15,190.229996,193.229996,190,191,191,5010400
4/6/15,198,207.75,197.5,203.100006,203.100006,12455800
4/7/15,202.509995,205.059998,201.139999,203.25,203.25,4347900
4/8/15,208.199997,210.899994,205.869995,207.669998,207.669998,6303100
4/9/15,208.429993,210.369995,206.119995,210.089996,210.089996,3800200
4/10/15,209.850006,211.649994,209,210.899994,210.899994,4067700
4/13/15,210.440002,213,209.050003,209.779999,209.779999,3758200
4/14/15,208.570007,209.490005,205.5,207.460007,207.460007,3026000
4/15/15,207.460007,209.589996,206.600006,207.830002,207.830002,1952400
4/16/15,207.699997,209.169998,206.289993,206.699997,206.699997,1659100
4/17/15,204.990005,206.880005,203.5,206.789993,206.789993,2469900
4/20/15,206.779999,207.850006,203.850006,205.270004,205.270004,2559300
4/21/15,205.800003,210.75,204.309998,209.410004,209.410004,3432500
4/22/15,212.5,221.880005,211.690002,219.440002,219.440002,7863000
4/23/15,218.270004,221.479996,217.149994,218.600006,218.600006,4411200
4/24/15,220.5,220.800003,218.009995,218.429993,218.429993,2427800
4/27/15,222.559998,238.75,222,231.550003,231.550003,11672600
4/28/15,234.75,235.5,228.029999,230.479996,230.479996,6085400
4/29/15,230.050003,234.970001,227.630005,232.449997,232.449997,3936100
4/30/15,230.389999,232.889999,225.169998,226.050003,226.050003,3911900
5/1/15,229.940002,231.770004,220.410004,226.029999,226.029999,5281700
5/4/15,228.179993,234.729996,227.110001,230.509995,230.509995,4434600
5/5/15,237.759995,239.5,229.130005,232.949997,232.949997,5796900
5/6/15,234.100006,234.470001,228.199997,230.429993,230.429993,5270900
5/7/15,221,237.479996,220.25,236.800003,236.800003,9455900
5/8/15,235.990005,238.410004,233.699997,236.610001,236.610001,4668200
5/11/15,236.289993,242.880005,235.309998,239.490005,239.490005,5672300
5/12/15,240.110001,246.350006,238.190002,244.740005,244.740005,6363400
5/13/15,247.610001,248.300003,242.25,243.179993,243.179993,5440200
5/14/15,244.820007,244.889999,241.25,244.100006,244.100006,2895900
5/15/15,243.929993,249.399994,242.5,248.839996,248.839996,4527600
5/18/15,247,249.899994,246,248.75,248.75,3353200
5/19/15,248.429993,251,246.149994,247.139999,247.139999,3674200
5/20/15,247.130005,247.740005,241.369995,244.350006,244.350006,3755600
5/21/15,243.029999,246.619995,242.360001,245.619995,245.619995,1970600
5/22/15,245.380005,248.600006,245.009995,247.729996,247.729996,2223100
5/26/15,247.679993,252,246.5,247.460007,247.460007,3498700
5/27/15,248.509995,249.5,245.550003,247.429993,247.429993,3408200
5/28/15,247.029999,251.800003,245.050003,251.449997,251.449997,3647300
5/29/15,251,252.869995,249.429993,250.800003,250.800003,3789300
6/1/15,251.410004,251.600006,247.470001,249.449997,249.449997,2505100
6/2/15,248.919998,249.399994,246.300003,248.350006,248.350006,2134800
6/3/15,248.199997,250.720001,247.009995,248.990005,248.990005,1781500
6/4/15,247.5,249.300003,245.710007,245.919998,245.919998,2453600
6/5/15,246,249.699997,245.679993,249.139999,249.139999,3022000
6/8/15,250.850006,258.75,250.309998,256.290009,256.290009,5017000
6/9/15,255.399994,257.73999,254.139999,256,256,2611100
6/10/15,251.899994,254,248.5,250.699997,250.699997,3454500
6/11/15,253.259995,254.369995,250.429993,251.410004,251.410004,2044100
6/12/15,250.210007,253.460007,250.210007,250.690002,250.690002,1422300
6/15/15,249.699997,251.279999,246.009995,250.380005,250.380005,2186200
6/16/15,250.130005,253.440002,249.100006,253.119995,253.119995,1984700
6/17/15,252.169998,264.359985,252.020004,260.410004,260.410004,5512900
6/18/15,262,263.459991,260.019989,261.890015,261.890015,2782700
6/19/15,262.399994,263.799988,260.100006,262.51001,262.51001,2463000
6/22/15,262.149994,264.399994,255.690002,259.790009,259.790009,4561100
6/23/15,260.320007,268,258.570007,267.670013,267.670013,3870800
6/24/15,266.980011,267.350006,263.720001,265.170013,265.170013,2412300
6/25/15,266.450012,271.410004,265.25,268.790009,268.790009,2849200
6/26/15,268.890015,269.109985,266,267.089996,267.089996,3838400
6/29/15,261.950012,265.950012,260.700012,262.019989,262.019989,3478900
6/30/15,264.799988,270.920013,264,268.26001,268.26001,3086900
7/1/15,271.109985,272.619995,267.850006,269.149994,269.149994,2101200
7/2/15,280.200012,282.450012,273.309998,280.019989,280.019989,7163900
7/6/15,278.880005,281.690002,276.299988,279.720001,279.720001,4121900
7/7/15,275,275.200012,260.769989,267.880005,267.880005,6105100
7/8/15,259.320007,260.799988,254.309998,254.960007,254.960007,6221100
7/9/15,259.079987,262.950012,256.790009,257.920013,257.920013,3334100
7/10/15,262.220001,263,257.820007,259.149994,259.149994,2610900
7/13/15,262.25,262.549988,256.049988,262.160004,262.160004,2960300
7/14/15,262.100006,265.98999,260.51001,265.649994,265.649994,1907600
7/15/15,266.73999,267.48999,262.079987,263.140015,263.140015,2021600
7/16/15,264.220001,267.200012,263.160004,266.679993,266.679993,1616000
7/17/15,272.5,275.540009,268.25,274.660004,274.660004,5004100
7/20/15,275,286.649994,272.540009,282.26001,282.26001,4978500
7/21/15,270.049988,273.5,266.549988,266.769989,266.769989,6108700
7/22/15,261.269989,269.440002,260.859985,267.869995,267.869995,3105000
7/23/15,269.649994,269.899994,265.269989,267.200012,267.200012,2227200
7/24/15,267.380005,271.089996,263.920013,265.410004,265.410004,2836500
7/27/15,262.429993,264.429993,250.789993,253.009995,253.009995,4694200
7/28/15,255.75,265.399994,251.839996,264.820007,264.820007,3895800
7/29/15,264.269989,267.890015,262,263.820007,263.820007,2790100
7/30/15,262.690002,266.940002,262.109985,266.790009,266.790009,2034600
7/31/15,267.600006,269.359985,265.119995,266.149994,266.149994,2222600
8/3/15,266.290009,266.709991,257.070007,259.98999,259.98999,2553500
8/4/15,260.01001,266.720001,258.339996,266.279999,266.279999,2352500
8/5/15,263.579987,271,260.399994,270.130005,270.130005,6214300
8/6/15,249.539993,255,236.119995,246.130005,246.130005,14623800
8/7/15,243.580002,243.729996,238.389999,242.509995,242.509995,5073400
8/10/15,238.149994,242.970001,236.050003,241.139999,241.139999,4185900
8/11/15,237.149994,239.300003,234.440002,237.369995,237.369995,4264900
8/12/15,235,239.770004,232.740005,238.169998,238.169998,3728000
8/13/15,239.860001,246.479996,239.119995,242.509995,242.509995,4689200
8/14/15,247.240005,247.929993,241.770004,243.149994,243.149994,4364800
8/17/15,255.559998,256.589996,250.509995,254.990005,254.990005,7176700
8/18/15,255.380005,260.950012,253.559998,260.720001,260.720001,4195000
8/19/15,260.329987,260.649994,255.020004,255.25,255.25,3604300
8/20/15,252.059998,254.559998,241.899994,242.179993,242.179993,4905800
8/21/15,236,243.800003,230.509995,230.770004,230.770004,6590200
8/24/15,202.789993,231.399994,195,218.869995,218.869995,9581600
8/25/15,230.520004,230.899994,219.119995,220.029999,220.029999,4327300
8/26/15,227.929993,228,215.509995,224.839996,224.839996,4963000
8/27/15,231,244.75,230.809998,242.990005,242.990005,7656000
8/28/15,241.860001,251.449997,241.570007,248.479996,248.479996,5513700
8/31/15,245.619995,254.949997,245.509995,249.059998,249.059998,4700200
9/1/15,240.339996,246,236.970001,238.630005,238.630005,5454800
9/2/15,245.300003,247.880005,239.779999,247.690002,247.690002,4629200
9/3/15,252.059998,252.080002,245,245.570007,245.570007,4194800
9/4/15,240.889999,244.089996,238.199997,241.929993,241.929993,3689200
9/8/15,245.050003,249.160004,244.050003,248.169998,248.169998,3138200
9/9/15,252.050003,254.25,248.300003,248.910004,248.910004,3390800
9/10/15,247.229996,250.720001,245.330002,248.479996,248.479996,2709000
9/11/15,247.639999,250.240005,244.729996,250.240005,250.240005,2350800
9/14/15,251.100006,254.25,249.669998,253.190002,253.190002,2890900
9/15/15,252.75,254.600006,249.5,253.570007,253.570007,2933500
9/16/15,253.039993,262.880005,252.880005,262.25,262.25,4417100
9/17/15,263.959991,265.5,260.690002,262.070007,262.070007,3585800
9/18/15,257.959991,263.820007,257.5,260.619995,260.619995,3763100
9/21/15,263.980011,271.570007,255.800003,264.200012,264.200012,6120200
9/22/15,259.029999,262.649994,255.869995,260.940002,260.940002,3664400
9/23/15,261.950012,262.079987,257.579987,261.059998,261.059998,2600800
9/24/15,259.529999,263.450012,256.209991,263.119995,263.119995,3448200
9/25/15,266.609985,266.910004,256.149994,256.910004,256.910004,3773400
9/28/15,257.350006,259.790009,246.610001,248.429993,248.429993,4901100
9/29/15,250.460007,254.729996,245.460007,246.649994,246.649994,3703200
9/30/15,252,252.399994,242.339996,248.399994,248.399994,4929600
10/1/15,247.509995,248.5,237.130005,239.880005,239.880005,4573000
10/2/15,235.600006,247.699997,234.929993,247.570007,247.570007,4424000
10/5/15,248.839996,249.839996,244.130005,246.149994,246.149994,3689900
10/6/15,240,243.029999,235.580002,241.460007,241.460007,5225200
10/7/15,236.630005,237.699997,229.119995,231.960007,231.960007,6814000
10/8/15,230.080002,230.720001,221.309998,226.720001,226.720001,6133200
10/9/15,220.929993,224.369995,218.360001,220.690002,220.690002,6158400
10/12/15,222.990005,223,215.270004,215.580002,215.580002,3836300
10/13/15,213.279999,222.520004,211.130005,219.25,219.25,5171500
10/14/15,220.669998,220.949997,215.429993,216.880005,216.880005,3104400
10/15/15,216.429993,221.729996,213.699997,221.309998,221.309998,2844200
10/16/15,223.039993,230.479996,222.869995,227.009995,227.009995,4334500
10/19/15,226.5,231.149994,224.940002,228.100006,228.100006,2507900
10/20/15,227.720001,228.600006,202,213.029999,213.029999,14900000
10/21/15,211.990005,214.809998,208.800003,210.089996,210.089996,4151500
10/22/15,211.559998,215.75,209.399994,211.720001,211.720001,2825200
10/23/15,215,215.350006,207.690002,209.089996,209.089996,4235500
10/26/15,211.380005,215.880005,210,215.259995,215.259995,3391400
10/27/15,214.839996,217.100006,207.509995,210.350006,210.350006,3519400
10/28/15,211.309998,213.449997,208.300003,212.960007,212.960007,2728600
10/29/15,211.75,213.75,210.639999,211.630005,211.630005,1805000
10/30/15,210.399994,211.630005,203.889999,206.929993,206.929993,4438900
11/2/15,208.919998,215.800003,207.220001,213.789993,213.789993,3927900
11/3/15,213.850006,214.440002,207.75,208.350006,208.350006,8332500
11/4/15,227,232.740005,225.199997,231.630005,231.630005,12726400
11/5/15,230.580002,234.580002,229.190002,231.770004,231.770004,4496800
11/6/15,230.699997,233.360001,229.5,232.360001,232.360001,2445300
11/9/15,232.990005,232.990005,224.309998,225.330002,225.330002,3850900
11/10/15,223.479996,223.699997,216.080002,216.5,216.5,4617000
11/11/15,217.770004,219.479996,213.630005,219.080002,219.080002,3347800
11/12/15,217.850006,219,212.660004,212.940002,212.940002,2915900
11/13/15,212.949997,212.990005,206.520004,207.190002,207.190002,3430300
11/16/15,206.089996,214.979996,205.800003,214.309998,214.309998,2925400
11/17/15,215.199997,216,211.399994,214,214,2148700
11/18/15,214.5,221.380005,212.520004,221.070007,221.070007,2811900
11/19/15,220.539993,226.190002,220.300003,221.800003,221.800003,2504400
11/20/15,223.490005,225,213.580002,220.009995,220.009995,4400700
11/23/15,217.350006,219.179993,214.679993,217.75,217.75,2526200
11/24/15,215.369995,221,215,218.25,218.25,2480300
11/25/15,221.339996,230.830002,220.380005,229.639999,229.639999,3990800
11/27/15,231.059998,232.25,227.009995,231.610001,231.610001,1949400
11/30/15,231.789993,234.279999,229.080002,230.259995,230.259995,2659800
12/1/15,231.059998,238,231.050003,237.190002,237.190002,3734000
12/2/15,237,238.600006,231.229996,231.990005,231.990005,2981500
12/3/15,235.479996,237.449997,230,232.710007,232.710007,2939600
12/4/15,232.460007,233.270004,227.660004,230.380005,230.380005,2573600
12/7/15,227.699997,235.630005,226.149994,231.130005,231.130005,3144200
12/8/15,227.520004,228.800003,224.199997,226.720001,226.720001,2687600
12/9/15,226.699997,227.5,220.720001,224.520004,224.520004,3057800
12/10/15,224.710007,228.490005,223.639999,227.070007,227.070007,2071700
12/11/15,225.240005,225.75,216.639999,217.020004,217.020004,3268700
12/14/15,217.509995,220.919998,214.869995,218.580002,218.580002,2827100
12/15/15,221.820007,222.220001,218,221.089996,221.089996,2244400
12/16/15,222.100006,234.880005,220.729996,234.509995,234.509995,5104300
12/17/15,233.940002,237.759995,229.809998,233.389999,233.389999,3298600
12/18/15,232.889999,235.899994,229.289993,230.460007,230.460007,3014200
12/21/15,231.690002,235.830002,231.080002,232.559998,232.559998,1953200
12/22/15,234.990005,236.550003,229.630005,229.949997,229.949997,1961500
12/23/15,232.179993,233.449997,228.130005,229.699997,229.699997,1555000
12/24/15,230.559998,231.880005,228.279999,230.570007,230.570007,708000
12/28/15,231.490005,231.979996,225.539993,228.949997,228.949997,1901300
12/29/15,230.059998,237.720001,229.550003,237.190002,237.190002,2406300
12/30/15,236.600006,243.630005,235.669998,238.089996,238.089996,3697900
12/31/15,238.509995,243.449997,238.369995,240.009995,240.009995,2715000
1/4/16,230.720001,231.380005,219,223.410004,223.410004,6827100
1/5/16,226.360001,226.889999,220,223.429993,223.429993,3186800
1/6/16,220,220.050003,215.979996,219.039993,219.039993,3779100
1/7/16,214.190002,218.440002,213.669998,215.649994,215.649994,3554300
1/8/16,217.860001,220.440002,210.770004,211,211,3628100
1/11/16,214.009995,214.449997,203,207.850006,207.850006,4091400
1/12/16,211.600006,213.740005,205.309998,209.970001,209.970001,3091900
1/13/16,212.009995,212.649994,200,200.309998,200.309998,4126400
1/14/16,202.210007,210,193.380005,206.179993,206.179993,6490700
1/15/16,198.970001,205.070007,197.25,204.990005,204.990005,5578600
1/19/16,208.710007,210.470001,200.779999,204.720001,204.720001,4038700
1/20/16,199.399994,201.279999,191.25,198.699997,198.699997,5838600
1/21/16,201.550003,203.229996,195.020004,199.970001,199.970001,3166200
1/22/16,204.800003,205.5,199.029999,202.550003,202.550003,3124100
1/25/16,200.059998,203.570007,195.880005,196.380005,196.380005,2698700
1/26/16,196.699997,197.820007,188.880005,193.559998,193.559998,4964200
1/27/16,192.380005,193.259995,185.770004,188.070007,188.070007,3617200
1/28/16,190.789993,191.279999,182.410004,189.699997,189.699997,4592800
1/29/16,189.949997,193.740005,188.080002,191.199997,191.199997,2852300
2/1/16,188.759995,199.520004,182.75,196.940002,196.940002,5297600
2/2/16,192.419998,193.119995,180.229996,182.779999,182.779999,5773600
2/3/16,183.589996,183.940002,170.179993,173.479996,173.479996,7931400
2/4/16,170.699997,175.979996,166.990005,175.330002,175.330002,4385400
2/5/16,171.300003,173,157.740005,162.600006,162.600006,9437600
2/8/16,157.100006,157.149994,146,147.990005,147.990005,9313000
2/9/16,142.320007,159.789993,141.050003,148.25,148.25,8651600
2/10/16,150.5,154.970001,141.740005,143.669998,143.669998,10406500
2/11/16,152,163.259995,147,150.470001,150.470001,14252400
2/12/16,155,157.009995,143.699997,151.039993,151.039993,7235800
2/16/16,158.699997,162.949997,154.110001,155.169998,155.169998,5593800
2/17/16,159,169.339996,156.679993,168.679993,168.679993,5825200
2/18/16,172.419998,172.949997,164.770004,166.770004,166.770004,3887600
2/19/16,163.660004,167.490005,162.5,166.580002,166.580002,2959400
2/22/16,170.119995,178.910004,169.850006,177.740005,177.740005,5060100
2/23/16,176.160004,181.729996,173.679993,177.210007,177.210007,5984400
2/24/16,172.75,179.5,167.839996,179,179,5395600
2/25/16,178.649994,188.520004,175.199997,187.429993,187.429993,5750700
2/26/16,188.699997,192,185,190.339996,190.339996,6065100
2/29/16,192.399994,196.350006,189.220001,191.929993,191.929993,4499000
3/1/16,194.25,195.949997,182.699997,186.350006,186.350006,6712200
3/2/16,183.729996,188.520004,181.5,188.339996,188.339996,4862400
3/3/16,188.279999,197.419998,184.220001,195.740005,195.740005,4829000
3/4/16,198,204.029999,197.5,201.039993,201.039993,6489100
3/7/16,197.679993,209.699997,197.399994,205.289993,205.289993,5329400
3/8/16,203.5,207.5,202.199997,202.600006,202.600006,4178700
3/9/16,204.520004,209.369995,202.789993,208.720001,208.720001,3208600
3/10/16,210,213.289993,200.669998,205.179993,205.179993,5192500
3/11/16,207.929993,209.419998,205.330002,207.5,207.5,3343100
3/14/16,212.649994,216.720001,210.639999,215.149994,215.149994,4065700
3/15/16,214.270004,218.970001,211.5,218.339996,218.339996,3180500
3/16/16,218,222.580002,217.020004,221.929993,221.929993,3516700
3/17/16,221.470001,228.5,220,226.380005,226.380005,3782900
3/18/16,229.100006,234.479996,228.059998,232.740005,232.740005,4711800
3/21/16,235.339996,239.880005,235,238.320007,238.320007,5307800
3/22/16,237.210007,238.990005,232.559998,234.240005,234.240005,4316000
3/23/16,232.369995,234.729996,222.029999,222.580002,222.580002,4948800
3/24/16,215.779999,228.889999,215,227.75,227.75,4960900
3/28/16,231.610001,234.809998,225,230.259995,230.259995,3925700
3/29/16,229.889999,232.380005,225.330002,230.130005,230.130005,4014300
3/30/16,235.089996,235.5,226.5,226.889999,226.889999,4033000
3/31/16,229.339996,237.419998,225.009995,229.770004,229.770004,8012900
4/1/16,244.830002,247.899994,233.25,237.589996,237.589996,15997500
4/4/16,249.119995,252.119995,243.639999,246.990005,246.990005,13475300
4/5/16,240.5,256.559998,240,255.470001,255.470001,9948700
4/6/16,253.970001,267.73999,253.449997,265.420013,265.420013,11705500
4/7/16,266.450012,269.339996,254.509995,257.200012,257.200012,8856200
4/8/16,260.5,260.820007,248.020004,250.070007,250.070007,7363900
4/11/16,251,258.98999,245.300003,249.919998,249.919998,9161700
4/12/16,249.5,251.800003,243.630005,247.820007,247.820007,5763200
4/13/16,248.509995,255.5,247.330002,254.529999,254.529999,4925600
4/14/16,253,256.839996,251.050003,251.860001,251.860001,4132200
4/15/16,251.309998,254.600006,249.119995,254.509995,254.509995,3752400
4/18/16,252.229996,258.309998,251.660004,253.880005,253.880005,4271400
4/19/16,253.119995,254.369995,241.25,247.369995,247.369995,6357500
4/20/16,246.259995,253.660004,241.5,249.970001,249.970001,5194100
4/21/16,248.990005,250.899994,246.910004,248.289993,248.289993,2783100
4/22/16,248.889999,254,245.710007,253.75,253.75,3786300
4/25/16,253.009995,257.380005,250.759995,251.820007,251.820007,3670300
4/26/16,252.050003,255.729996,249.389999,253.740005,253.740005,3223800
4/27/16,252.75,255,249.399994,251.470001,251.470001,3205800
4/28/16,249.850006,253.429993,247.440002,247.710007,247.710007,2519000
4/29/16,248.139999,248.429993,237.809998,240.759995,240.759995,5413800
5/2/16,241.5,243.190002,234.820007,241.800003,241.800003,3843900
5/3/16,237.360001,238.910004,231.619995,232.320007,232.320007,4302200
5/4/16,230.289993,234.460007,220.399994,222.559998,222.559998,8700500
5/5/16,228.460007,228.639999,209.789993,211.529999,211.529999,11254800
5/6/16,210.869995,216.369995,208.110001,214.929993,214.929993,5685200
5/9/16,215.720001,216.149994,206.800003,208.919998,208.919998,4776400
5/10/16,207.550003,209.470001,205,208.690002,208.690002,4070600
5/11/16,207.589996,215.479996,206.050003,208.960007,208.960007,5161900
5/12/16,211.440002,211.669998,203.660004,207.279999,207.279999,3650500
5/13/16,207.779999,211.199997,206.699997,207.610001,207.610001,2822800
5/16/16,208.149994,213.149994,207.919998,208.289993,208.289993,2949400
5/17/16,209.050003,209.820007,204.020004,204.660004,204.660004,2843600
5/18/16,209.149994,215.309998,207.75,211.169998,211.169998,5617500
5/19/16,213.619995,216.789993,207.300003,215.210007,215.210007,6866300
5/20/16,216.990005,220.550003,216.350006,220.279999,220.279999,9007100
5/23/16,219.869995,222.600006,215.860001,216.220001,216.220001,5102500
5/24/16,216.600006,218.740005,215.179993,217.910004,217.910004,3013800
5/25/16,217.910004,221.360001,216.509995,219.580002,219.580002,3126800
5/26/16,220.5,225.259995,219.050003,225.119995,225.119995,4072400
5/27/16,224.990005,225.929993,220.75,223.039993,223.039993,3650300
5/31/16,223.039993,224.75,221.5,223.229996,223.229996,2789000
6/1/16,221.479996,222.399994,216.889999,219.559998,219.559998,2982700
6/2/16,219.589996,219.910004,217.110001,218.960007,218.960007,2032800
6/3/16,220,221.940002,218.009995,218.990005,218.990005,2229000
6/6/16,218,220.899994,215.449997,220.679993,220.679993,2249500
6/7/16,222.240005,234.440002,221.520004,232.339996,232.339996,6213600
6/8/16,233.800003,240.850006,232.610001,235.520004,235.520004,5972000
6/9/16,234.979996,235.330002,227.059998,229.360001,229.360001,4492100
6/10/16,227.389999,227.970001,218.419998,218.789993,218.789993,6026600
6/13/16,219.5,225.770004,217.660004,217.869995,217.869995,4193000
6/14/16,218.880005,222.199997,212.529999,214.960007,214.960007,3580200
6/15/16,216.949997,221.899994,215.130005,217.699997,217.699997,2908500
6/16/16,217.419998,218.039993,213.5,217.929993,217.929993,2440300
6/17/16,217.809998,219.990005,214.5,215.470001,215.470001,3112600
6/20/16,219.5,223.75,218.229996,219.699997,219.699997,3555500
6/21/16,220.679993,222.570007,218.809998,219.610001,219.610001,4529000
6/22/16,199.470001,205.949997,195.75,196.660004,196.660004,23742400
6/23/16,195.690002,197.550003,192.130005,196.399994,196.399994,10130700
6/24/16,190.050003,195.119995,189.729996,193.149994,193.149994,7026500
6/27/16,190.860001,198.809998,187.869995,198.550003,198.550003,7205400
6/28/16,201.889999,204.050003,199.410004,201.789993,201.789993,6212400
6/29/16,205.130005,211.779999,203,210.190002,210.190002,5994900
6/30/16,212.970001,213.5,209.020004,212.279999,212.279999,4843100
7/1/16,206.139999,218.240005,206,216.5,216.5,5400000
7/5/16,209.729996,214.539993,208,213.979996,213.979996,5175300
7/6/16,210,215.229996,209,214.440002,214.440002,4919900
7/7/16,213.100006,218.119995,213.009995,215.940002,215.940002,3612000
7/8/16,217.800003,219.809998,214.5,216.779999,216.779999,4074800
7/11/16,219.960007,226.779999,219.509995,224.779999,224.779999,5429800
7/12/16,224.100006,227.5,223.220001,224.649994,224.649994,4571300
7/13/16,225.5,225.589996,220.289993,222.529999,222.529999,3567100
7/14/16,223.119995,224.940002,221.050003,221.529999,221.529999,2675800
7/15/16,222.520004,222.75,219.639999,220.399994,220.399994,2234200
7/18/16,219.639999,227.089996,218.300003,226.25,226.25,3412100
7/19/16,225,229.100006,224.75,225.259995,225.259995,3115100
7/20/16,226.470001,229.800003,225,228.360001,228.360001,2568500
7/21/16,226,227.850006,219.100006,220.5,220.5,4428700
7/22/16,221.990005,224.5,218.880005,222.270004,222.270004,2579700
7/25/16,222.270004,231.389999,221.369995,230.009995,230.009995,4490700
7/26/16,227.690002,230,225.300003,229.509995,229.509995,3430000
7/27/16,229.339996,233.360001,226.919998,228.490005,228.490005,2889000
7/28/16,227.949997,230.759995,226.600006,230.610001,230.610001,2419100
7/29/16,230.699997,235.279999,230.240005,234.789993,234.789993,3070800
8/1/16,235.5,236.630005,229.380005,230.009995,230.009995,4016300
8/2/16,229.369995,229.869995,221.399994,227.199997,227.199997,3934400
8/3/16,227.369995,229.699997,224.210007,225.789993,225.789993,3887800
8/4/16,225.690002,230.860001,222.050003,230.610001,230.610001,4147000
8/5/16,230,232,227.399994,230.029999,230.029999,3205200
8/8/16,228,229.600006,226.089996,226.160004,226.160004,2263600
8/9/16,226.820007,231.539993,226.649994,229.080002,229.080002,2207800
8/10/16,228.240005,229.869995,224.619995,225.649994,225.649994,2338300
8/11/16,226.169998,227.570007,223.410004,224.910004,224.910004,1880900
8/12/16,225.410004,226.649994,224.039993,225.610001,225.610001,1813500
8/15/16,226.020004,229.5,224.929993,225.589996,225.589996,2034300
8/16/16,225.490005,227.190002,223.410004,223.610001,223.610001,2267100
8/17/16,224.330002,224.830002,222.800003,223.240005,223.240005,1787100
8/18/16,223.820007,225.660004,222.289993,223.509995,223.509995,1714500
8/19/16,223.539993,225.169998,222.529999,225,225,1659500
8/22/16,224.169998,225.110001,222.679993,222.929993,222.929993,2065500
8/23/16,224.320007,228.490005,222.800003,224.839996,224.839996,4784400
8/24/16,227.050003,227.149994,222.220001,222.619995,222.619995,2570700
8/25/16,223.110001,223.800003,220.770004,220.960007,220.960007,1762500
8/26/16,222.139999,222.860001,218.820007,219.990005,219.990005,2239000
8/29/16,220.149994,220.399994,215,215.199997,215.199997,3266300
8/30/16,216.110001,216.110001,210.520004,211.339996,211.339996,3168900
8/31/16,210.429993,212.600006,208.649994,212.009995,212.009995,3276500
9/1/16,209.009995,211.100006,200.5,200.770004,200.770004,7943100
9/2/16,202.330002,203.199997,196.199997,197.779999,197.779999,5977400
9/6/16,199.020004,203.25,199,202.830002,202.830002,4390600
9/7/16,205.5,206.5,200.710007,201.710007,201.710007,3640900
9/8/16,199.550003,199.889999,196.360001,197.360001,197.360001,3377900
9/9/16,199.089996,199.919998,193.699997,194.470001,194.470001,3757000
9/12/16,195,201.369995,194.100006,198.300003,198.300003,3715200
9/13/16,197.059998,198.490005,193.449997,196.050003,196.050003,3589400
9/14/16,195.75,197.919998,194.860001,196.410004,196.410004,2254500
9/15/16,196.490005,202.520004,196.399994,200.419998,200.419998,3077200
9/16/16,200.419998,205.699997,199,205.399994,205.399994,3107800
9/19/16,207,209.429993,205,206.339996,206.339996,2299500
9/20/16,206.850006,207.75,203.910004,204.639999,204.639999,2410500
9/21/16,206.369995,207,201.559998,205.220001,205.220001,2633500
9/22/16,206.399994,207.279999,203,206.429993,206.429993,2382900
9/23/16,205.990005,210.179993,205.669998,207.449997,207.449997,2905200
9/26/16,206.5,211,206.5,208.990005,208.990005,2394400
9/27/16,209.649994,209.979996,204.610001,205.809998,205.809998,3373200
9/28/16,207.509995,208.25,205.259995,206.270004,206.270004,2088400
9/29/16,205.600006,207.330002,200.580002,200.699997,200.699997,2727000
9/30/16,202.210007,204.979996,199.550003,204.029999,204.029999,2586300
10/3/16,212.300003,215.669998,208.25,213.699997,213.699997,5999900
10/4/16,213.100006,213.320007,208.820007,211.410004,211.410004,3541500
10/5/16,212.240005,213.149994,208.119995,208.460007,208.460007,1877500
10/6/16,202.460007,204.210007,200.210007,201,201,4703400
10/7/16,201,201.320007,195.800003,196.610001,196.610001,3493000
10/10/16,201.350006,204.139999,199.660004,200.949997,200.949997,3316300
10/11/16,201.850006,202.199997,198.309998,200.100006,200.100006,2328400
10/12/16,200.949997,203.880005,200.419998,201.509995,201.509995,1970700
10/13/16,200.5,200.899994,197.050003,200.240005,200.240005,2494600
10/14/16,200.660004,201.429993,196.300003,196.509995,196.509995,4269900
10/17/16,197.050003,198.389999,192,193.960007,193.960007,4554100
10/18/16,195.990005,199.470001,193.259995,199.100006,199.100006,5680500
10/19/16,199.740005,206.660004,198.059998,203.559998,203.559998,6991200
10/20/16,202.119995,203,197.050003,199.100006,199.100006,5072900
10/21/16,198.600006,201.570007,197.410004,200.089996,200.089996,2943400
10/24/16,201,203.949997,200.25,202.759995,202.759995,2751600
10/25/16,202.899994,204.690002,201.199997,202.339996,202.339996,2445000
10/26/16,201,203.190002,200.100006,202.240005,202.240005,5632800
10/27/16,211.339996,213.699997,201.649994,204.009995,204.009995,13093700
10/28/16,204,205.320007,199.830002,199.970001,199.970001,4280100
10/31/16,202.490005,202.490005,195.809998,197.729996,197.729996,4692300
11/1/16,198.039993,198.5,188.110001,190.789993,190.789993,7060000
11/2/16,190.050003,192.699997,187.509995,188.020004,188.020004,4253400
11/3/16,189,191.470001,187.039993,187.419998,187.419998,2653000
11/4/16,189,193.460007,185.960007,190.559998,190.559998,5146000
11/7/16,193.589996,194.289993,190.050003,193.210007,193.210007,3870100
11/8/16,193.789993,197.490005,191.259995,194.940002,194.940002,3267600
11/9/16,186.880005,192,183.949997,190.059998,190.059998,8173100
11/10/16,191.050003,191.610001,180.419998,185.350006,185.350006,6750300
11/11/16,184.240005,188.880005,183,188.559998,188.559998,3988500
11/14/16,188,188.25,178.190002,181.449997,181.449997,6552200
11/15/16,182.779999,186.429993,182.050003,183.770004,183.770004,3902000
11/16/16,182.649994,184.729996,181.210007,183.929993,183.929993,3434400
11/17/16,183.490005,189.490005,182.110001,188.660004,188.660004,4887100
11/18/16,190.649994,193,185,185.020004,185.020004,5210300
11/21/16,185.039993,188.889999,184.410004,184.520004,184.520004,4361000
11/22/16,185.839996,191.470001,183.710007,191.169998,191.169998,5603400
11/23/16,190.610001,195.639999,189,193.139999,193.139999,4891900
11/25/16,193.639999,197.240005,193.639999,196.649994,196.649994,2366100
11/28/16,195.479996,199.350006,194.550003,196.119995,196.119995,4529200
11/29/16,195.559998,196.729996,189.5,189.570007,189.570007,4439300
11/30/16,191,191.889999,187.5,189.399994,189.399994,3547100
12/1/16,188.25,188.529999,181,181.880005,181.880005,5126400
12/2/16,182.880005,184.880005,180,181.470001,181.470001,4042300
12/5/16,182.509995,188.889999,182.509995,186.800003,186.800003,4072200
12/6/16,185.520004,186.580002,182.679993,185.850006,185.850006,3391600
12/7/16,186.149994,193.399994,185,193.149994,193.149994,5461900
12/8/16,192.050003,192.5,189.539993,192.289993,192.289993,3194100
12/9/16,190.869995,193.839996,190.809998,192.179993,192.179993,2722500
12/12/16,192.800003,194.419998,191.179993,192.429993,192.429993,2438900
12/13/16,193.179993,201.279999,193,198.149994,198.149994,6823900
12/14/16,198.740005,203,196.759995,198.690002,198.690002,4150900
12/15/16,198.410004,200.740005,197.389999,197.580002,197.580002,3219600
12/16/16,198.080002,202.589996,197.600006,202.490005,202.490005,3796900
12/19/16,202.490005,204.449997,199.839996,202.729996,202.729996,3488100
12/20/16,203.050003,209,202.5,208.789993,208.789993,4689100
12/21/16,208.449997,212.229996,207.410004,207.699997,207.699997,5207600
12/22/16,208.220001,209.990005,206.5,208.449997,208.449997,3111100
12/23/16,208,213.449997,207.710007,213.339996,213.339996,4670500
12/27/16,214.880005,222.25,214.419998,219.529999,219.529999,5915700
12/28/16,221.529999,223.800003,217.199997,219.740005,219.740005,3782500
12/29/16,218.559998,219.199997,214.119995,214.679993,214.679993,4045000
12/30/16,216.300003,217.5,211.679993,213.690002,213.690002,4642600
1/3/17,214.860001,220.330002,210.960007,216.990005,216.990005,5923300
1/4/17,214.75,228,214.309998,226.990005,226.990005,11213500
1/5/17,226.419998,227.479996,221.949997,226.75,226.75,5911700
1/6/17,226.929993,230.309998,225.449997,229.009995,229.009995,5527900
1/9/17,228.970001,231.919998,228,231.279999,231.279999,3979500
1/10/17,232,232,226.889999,229.869995,229.869995,3660000
1/11/17,229.070007,229.979996,226.679993,229.729996,229.729996,3650800
1/12/17,229.059998,230.699997,225.580002,229.589996,229.589996,3790200
1/13/17,230,237.850006,229.589996,237.75,237.75,6093000
1/17/17,236.699997,239.960007,234.369995,235.580002,235.580002,4617500
1/18/17,236.649994,239.710007,235.580002,238.360001,238.360001,3769000
1/19/17,247.25,248.679993,240.75,243.759995,243.759995,7732300
1/20/17,245.460007,246,243.009995,244.729996,244.729996,4204300
1/23/17,245.850006,250.889999,245.5,248.919998,248.919998,6262900
1/24/17,250,254.800003,249.649994,254.610001,254.610001,4965500
1/25/17,257.309998,258.459991,251.800003,254.470001,254.470001,5142600
1/26/17,254.289993,255.740005,250.75,252.509995,252.509995,3152100
1/27/17,251.380005,253,248.520004,252.949997,252.949997,3166300
1/30/17,252.529999,255.289993,247.100006,250.630005,250.630005,3801100
1/31/17,249.240005,255.889999,247.699997,251.929993,251.929993,4116100
2/1/17,253.050003,253.199997,249.050003,249.240005,249.240005,3958800
2/2/17,248.339996,252.419998,247.710007,251.550003,251.550003,2499800
2/3/17,251.910004,252.179993,249.679993,251.330002,251.330002,2186700
2/6/17,251,257.820007,250.630005,257.769989,257.769989,3562500
2/7/17,258.190002,260,256.420013,257.480011,257.480011,4244800
2/8/17,257.350006,263.359985,256.200012,262.079987,262.079987,3933000
2/9/17,266.25,271.179993,266.149994,269.200012,269.200012,7820200
2/10/17,269.790009,270.950012,266.109985,269.230011,269.230011,3619700
2/13/17,270.73999,280.790009,270.51001,280.600006,280.600006,7029600
2/14/17,279.029999,287.390015,278.609985,280.980011,280.980011,7345200
2/15/17,280,282.23999,276.440002,279.76001,279.76001,4947900
2/16/17,277.600006,280,268.5,268.950012,268.950012,7077300
2/17/17,265.799988,272.890015,264.149994,272.230011,272.230011,6257100
2/21/17,275.450012,281.399994,274.01001,277.390015,277.390015,5676700
2/22/17,280.309998,283.450012,272.600006,273.51001,273.51001,8755000
2/23/17,264,264.660004,255.559998,255.990005,255.990005,14915200
2/24/17,252.660004,258.25,250.199997,257,257,8171600
2/27/17,248.169998,248.360001,242.009995,246.229996,246.229996,11460800
2/28/17,244.190002,251,243.899994,249.990005,249.990005,6078100
3/1/17,254.179993,254.850006,249.110001,250.020004,250.020004,4809500
3/2/17,249.710007,253.279999,248.270004,250.479996,250.479996,3351800
3/3/17,250.740005,251.899994,249,251.570007,251.570007,2919400
3/6/17,247.910004,251.699997,247.509995,251.210007,251.210007,3355500
3/7/17,251.919998,253.889999,248.320007,248.589996,248.589996,3459500
3/8/17,247,250.070007,245.320007,246.869995,246.869995,3725200
3/9/17,247.630005,248.660004,243,244.899994,244.899994,3879300
3/10/17,246.210007,246.5,243,243.690002,243.690002,3066300
3/13/17,244.820007,246.850006,242.779999,246.169998,246.169998,3022600
3/14/17,246.110001,258.119995,246.020004,258,258,7598400
3/15/17,257,261,254.270004,255.729996,255.729996,5330800
3/16/17,262.399994,265.75,259.059998,262.049988,262.049988,7132200
3/17/17,264,265.329987,261.200012,261.5,261.5,6497500
3/20/17,260.600006,264.549988,258.820007,261.920013,261.920013,3614300
3/21/17,262.829987,264.799988,250.240005,250.679993,250.679993,6908600
3/22/17,251.559998,255.070007,250.509995,255.009995,255.009995,4059300
3/23/17,255.389999,257.670013,253.300003,254.779999,254.779999,3320200
3/24/17,255.699997,263.890015,255.009995,263.160004,263.160004,5647300
3/27/17,260.600006,270.570007,259.75,270.220001,270.220001,6230800
3/28/17,277.019989,280.679993,275,277.450012,277.450012,7987600
3/29/17,278.339996,279.600006,275.540009,277.380005,277.380005,3676200
3/30/17,278.040009,282,277.209991,277.920013,277.920013,4148400
3/31/17,278.730011,279.679993,276.320007,278.299988,278.299988,3294600
4/3/17,286.899994,299,284.579987,298.519989,298.519989,13888600
4/4/17,296.890015,304.809998,294.529999,303.700012,303.700012,10134600
4/5/17,302.040009,304.880005,294.200012,295,295,7880900
4/6/17,296.880005,301.940002,294.100006,298.700012,298.700012,5520600
4/7/17,297.5,302.690002,297.149994,302.540009,302.540009,4579600
4/10/17,309.149994,313.730011,308.709991,312.390015,312.390015,7664500
4/11/17,313.380005,313.470001,305.5,308.709991,308.709991,5724600
4/12/17,306.339996,308.450012,296.320007,296.839996,296.839996,6050700
4/13/17,296.700012,307.390015,295.299988,304,304,9284600
4/17/17,302.700012,304,298.679993,301.440002,301.440002,4138700
4/18/17,299.700012,300.839996,297.899994,300.25,300.25,3035700
4/19/17,302.459991,306.619995,302.109985,305.519989,305.519989,3898000
4/20/17,306.51001,309.149994,300.230011,302.51001,302.51001,6149400
4/21/17,302,306.399994,300.420013,305.600006,305.600006,4509800
4/24/17,309.220001,310.549988,306.019989,308.029999,308.029999,5083500
4/25/17,308,313.980011,305.859985,313.790009,313.790009,6737700
4/26/17,312.369995,314.5,309,310.170013,310.170013,4695000
4/27/17,311.690002,313.089996,307.5,308.630005,308.630005,3468600
4/28/17,309.829987,314.799988,308,314.070007,314.070007,4505500
5/1/17,314.880005,327.25,314.809998,322.829987,322.829987,8829600
5/2/17,324,327.660004,316.559998,318.890015,318.890015,5382800
5/3/17,317.670013,321.529999,310.450012,311.019989,311.019989,7133400
5/4/17,307.440002,307.769989,290.76001,295.459991,295.459991,14152000
5/5/17,298,308.549988,296.799988,308.350006,308.350006,8177300
5/8/17,310.899994,313.790009,305.820007,307.190002,307.190002,7006500
5/9/17,309.380005,321.98999,309.100006,321.26001,321.26001,9676500
5/10/17,321.559998,325.5,318.119995,325.220001,325.220001,5741600
5/11/17,323.399994,326,319.600006,323.100006,323.100006,4753800
5/12/17,325.480011,327,321.529999,324.809998,324.809998,4121600
5/15/17,318.380005,320.200012,312.529999,315.880005,315.880005,7622000
5/16/17,317.589996,320.059998,315.140015,317.01001,317.01001,4152500
5/17/17,314.390015,314.630005,305.5,306.109985,306.109985,6711900
5/18/17,307,313.940002,305.309998,313.059998,313.059998,5653800
5/19/17,315.5,316.5,310.200012,310.829987,310.829987,4687600
5/22/17,312.799988,314.369995,306.799988,310.350006,310.350006,4329200
5/23/17,310.459991,310.730011,303.480011,303.859985,303.859985,4318400
5/24/17,306.51001,311,305.399994,310.220001,310.220001,5033300
5/25/17,311.019989,316.970001,307.809998,316.829987,316.829987,5014000
5/26/17,317.279999,325.48999,316.309998,325.140015,325.140015,7802200
5/30/17,326,336.279999,325.76001,335.100006,335.100006,7782900
5/31/17,337.690002,342.890015,335.160004,341.01001,341.01001,9963400
6/1/17,344,344.880005,337.290009,340.369995,340.369995,7608000
6/2/17,339.769989,342.880005,335.929993,339.850006,339.850006,5590200
6/5/17,338.5,348.440002,334.209991,347.320007,347.320007,6784400
6/6/17,344.700012,359.48999,339.970001,352.850006,352.850006,11086800
6/7/17,356.339996,360.5,355.140015,359.649994,359.649994,9398000
6/8/17,363.75,371.899994,360.220001,370,370,9061500
6/9/17,374.420013,376.869995,354.799988,357.320007,357.320007,17261400
6/12/17,357.98999,364.5,350.619995,359.01001,359.01001,10517700
6/13/17,367.619995,376,366.609985,375.950012,375.950012,11807900
6/14/17,381.089996,384.25,376.309998,380.660004,380.660004,12818400
6/15/17,372.5,375.459991,366.48999,375.339996,375.339996,10426500
6/16/17,377.980011,378.01001,370.100006,371.399994,371.399994,6731000
6/19/17,375,376.700012,367.799988,369.799988,369.799988,6549300
6/20/17,376.670013,378.880005,369.730011,372.23999,372.23999,7438700
6/21/17,374.350006,376.98999,368.019989,376.399994,376.399994,4923200
6/22/17,377.98999,385,373.570007,382.609985,382.609985,7529800
6/23/17,382.450012,386.98999,379.350006,383.450012,383.450012,6445800
6/26/17,386.690002,386.950012,373.100006,377.48999,377.48999,6604100
6/27/17,376.399994,376.399994,362.019989,362.369995,362.369995,6996400
6/28/17,366.679993,371.73999,362.519989,371.23999,371.23999,6302500
6/29/17,370.609985,371,354.100006,360.75,360.75,8221000
6/30/17,363.709991,366.769989,359.619995,361.609985,361.609985,5848500
7/3/17,370.23999,371.350006,351.5,352.619995,352.619995,6305400
7/5/17,347.200012,347.23999,326.329987,327.089996,327.089996,17046700
7/6/17,317.26001,320.790009,306.299988,308.829987,308.829987,19324500
7/7/17,313.5,317,307.380005,313.220001,313.220001,14176900
7/10/17,312.899994,317.940002,303.130005,316.049988,316.049988,13820900
7/11/17,316,327.279999,314.299988,327.220001,327.220001,11559400
7/12/17,330.399994,333.100006,324.5,329.519989,329.519989,10346100
7/13/17,330.109985,331.600006,319.970001,323.410004,323.410004,8594500
7/14/17,323.190002,328.420013,321.220001,327.779999,327.779999,5625200
7/17/17,325.540009,327.100006,313.450012,319.570007,319.570007,9876900
7/18/17,317.5,329.130005,315.660004,328.23999,328.23999,6373700
7/19/17,328.230011,331.649994,323.220001,325.26001,325.26001,6357000
7/20/17,326.899994,330.220001,324.200012,329.920013,329.920013,5166200
7/21/17,329.459991,331.26001,325.799988,328.399994,328.399994,4901600
7/24/17,330.23999,343.399994,330.01001,342.519989,342.519989,8637100
7/25/17,345,345.600006,334.149994,339.600006,339.600006,6989200
7/26/17,340.359985,345.5,338.119995,343.850006,343.850006,4820800
7/27/17,346,347.5,326.290009,334.459991,334.459991,8302400
7/28/17,336.890015,339.600006,332.51001,335.070007,335.070007,4880400
7/31/17,335.5,341.48999,321.040009,323.470001,323.470001,8535100
8/1/17,323,324.450012,316.130005,319.570007,319.570007,8303100
8/2/17,318.940002,327.119995,311.220001,325.890015,325.890015,13091500
8/3/17,345.329987,350,343.149994,347.089996,347.089996,13535000
8/4/17,347,357.269989,343.299988,356.910004,356.910004,9268900
8/7/17,357.350006,359.480011,352.75,355.170013,355.170013,6324500
8/8/17,357.529999,368.579987,357.399994,365.220001,365.220001,7449800
8/9/17,361,370,358.950012,363.529999,363.529999,6892100
8/10/17,361.600006,366.649994,354.660004,355.399994,355.399994,7092900
8/11/17,356.970001,361.26001,353.619995,357.869995,357.869995,4365800
8/14/17,364.630005,367.660004,362.600006,363.799988,363.799988,4519200
8/15/17,365.200012,365.48999,359.369995,362.329987,362.329987,3085100
8/16/17,363,366.5,362.519989,362.910004,362.910004,3413800
8/17/17,361.209991,363.299988,351.589996,351.920013,351.920013,5027700
8/18/17,352.910004,354,345.799988,347.459991,347.459991,5408200
8/21/17,345.820007,345.820007,331.850006,337.859985,337.859985,6495400
8/22/17,341.130005,342.23999,337.369995,341.350006,341.350006,4322000
8/23/17,338.98999,353.48999,338.299988,352.769989,352.769989,4954500
8/24/17,352.519989,356.660004,349.73999,352.929993,352.929993,4584700
8/25/17,354.23999,355.690002,347.299988,348.049988,348.049988,3484000
8/28/17,347.279999,347.350006,339.720001,345.660004,345.660004,3764000
8/29/17,339.480011,349.049988,338.75,347.359985,347.359985,4073700
8/30/17,349.670013,353.470001,347,353.179993,353.179993,3412900
8/31/17,353.549988,358.440002,352.820007,355.899994,355.899994,4072800
9/1/17,356.119995,357.589996,353.690002,355.399994,355.399994,3049500
9/5/17,353.799988,355.48999,345.890015,349.589996,349.589996,3835100
9/6/17,349.5,350.980011,341.559998,344.529999,344.529999,4091400
9/7/17,345.980011,352.480011,343.450012,350.609985,350.609985,4239200
9/8/17,348.98999,349.779999,342.299988,343.399994,343.399994,3263500
9/11/17,351.350006,363.709991,350,363.690002,363.690002,7667100
9/12/17,364.48999,368.76001,360.399994,362.75,362.75,5972900
9/13/17,363.820007,368.070007,359.589996,366.230011,366.230011,4185200
9/14/17,364.329987,377.959991,362.630005,377.640015,377.640015,7202500
9/15/17,374.51001,380,372.700012,379.809998,379.809998,5420500
9/18/17,380.25,389.609985,377.679993,385,385,7188000
9/19/17,380,382.390015,373.570007,375.100006,375.100006,6451900
9/20/17,373,378.25,371.070007,373.910004,373.910004,4919100
9/21/17,374.899994,376.829987,364.51001,366.480011,366.480011,4618200
9/22/17,366.48999,369.899994,350.880005,351.089996,351.089996,8159400
9/25/17,353.149994,357.470001,342.880005,344.98999,344.98999,7605900
9/26/17,350.929993,351.23999,340.899994,345.25,345.25,7156300
9/27/17,349.899994,351.48999,340.5,340.970001,340.970001,6060300
9/28/17,339.880005,342.75,335.399994,339.600006,339.600006,5319600
9/29/17,341.859985,344.679993,338.600006,341.100006,341.100006,5107100
10/2/17,342.519989,343.700012,335.51001,341.529999,341.529999,5286800
10/3/17,335.899994,348.549988,331.279999,348.140015,348.140015,10153600
10/4/17,351.25,358.619995,349.600006,355.01001,355.01001,8163500
10/5/17,356,357.440002,351.350006,355.329987,355.329987,4171700
10/6/17,353.100006,360.100006,352.25,356.880005,356.880005,4297500
10/9/17,349.649994,351.75,342.670013,342.940002,342.940002,7493700
10/10/17,346.799988,355.630005,345.529999,355.589996,355.589996,6978500
10/11/17,353.890015,357.600006,351.149994,354.600006,354.600006,4500800
10/12/17,352.950012,359.779999,352.640015,355.679993,355.679993,4087000
10/13/17,356.980011,358.48999,353.679993,355.570007,355.570007,3540500
10/16/17,353.76001,354.480011,347.160004,350.600006,350.600006,5375500
10/17/17,350.910004,356.220001,350.070007,355.75,355.75,3293300
10/18/17,355.970001,363,354.130005,359.649994,359.649994,4939100
10/19/17,355.559998,357.149994,348.200012,351.809998,351.809998,5061800
10/20/17,352.690002,354.549988,344.339996,345.100006,345.100006,4930400
10/23/17,349.880005,349.950012,336.25,337.019989,337.019989,5747300
10/24/17,338.799988,342.799988,336.160004,337.339996,337.339996,4491700
10/25/17,336.700012,337.5,323.559998,325.839996,325.839996,8594100
10/26/17,327.779999,330.230011,323.200012,326.170013,326.170013,5023500
10/27/17,319.75,324.589996,316.660004,320.869995,320.869995,6979700
10/30/17,319.179993,323.779999,317.25,320.079987,320.079987,4254400
10/31/17,320.230011,331.950012,320.179993,331.529999,331.529999,5672300
11/1/17,332.25,332.609985,320.26001,321.079987,321.079987,8457300
11/2/17,300.130005,308.690002,292.630005,299.26001,299.26001,19791400
11/3/17,299.5,306.25,295.130005,306.089996,306.089996,8894000
11/6/17,307,307.5,299.01001,302.779999,302.779999,6486000
11/7/17,301.019989,306.5,300.029999,306.049988,306.049988,5294300
11/8/17,305.5,306.890015,301.299988,304.390015,304.390015,4725300
11/9/17,302.5,304.459991,296.299988,302.98999,302.98999,5447100
11/10/17,302.5,308.359985,301.850006,302.98999,302.98999,4625400
11/13/17,300.130005,316.799988,299.109985,315.399994,315.399994,7584900
11/14/17,315,316.350006,306.899994,308.700012,308.700012,5676100
11/15/17,306.01001,312.48999,301.5,311.299988,311.299988,5978700
11/16/17,313.98999,318.140015,311.299988,312.5,312.5,5822100
11/17/17,325.670013,326.670013,313.149994,315.049988,315.049988,13735100
11/20/17,313.790009,315.5,304.75,308.73999,308.73999,8247700
11/21/17,310.859985,318.230011,308.709991,317.809998,317.809998,7261300
11/22/17,316.769989,317.420013,311.839996,312.600006,312.600006,4917600
11/24/17,313.790009,316.410004,311,315.549988,315.549988,3244100
11/27/17,313.25,317.339996,309.51001,316.809998,316.809998,4555900
11/28/17,316.359985,320,313.920013,317.549988,317.549988,4949500
11/29/17,317.299988,318,301.230011,307.540009,307.540009,8767400
11/30/17,308.559998,310.700012,304.540009,308.850006,308.850006,4351600
12/1/17,305.440002,310.320007,305.049988,306.529999,306.529999,4292900
12/4/17,306.5,308.269989,300.609985,305.200012,305.200012,5835100
12/5/17,302,308,301,303.700012,303.700012,4646500
12/6/17,300.100006,313.390015,300,313.26001,313.26001,7195300
12/7/17,312,318.630005,311.049988,311.23999,311.23999,4780600
12/8/17,314.600006,316.980011,311.26001,315.130005,315.130005,3468500
12/11/17,314.630005,329.01001,313.75,328.910004,328.910004,7938000
12/12/17,330.450012,341.440002,330.029999,341.029999,341.029999,8733200
12/13/17,340.929993,344.220001,336.5,339.029999,339.029999,6221500
12/14/17,341.01001,347.440002,336.899994,337.890015,337.890015,5799900
12/15/17,342.040009,343.899994,335.76001,343.450012,343.450012,6933200
12/18/17,344.899994,346.730011,337.579987,338.869995,338.869995,5476200
12/19/17,340.26001,341.48999,330.299988,331.100006,331.100006,6825000
12/20/17,332.690002,333.100006,325.040009,328.980011,328.980011,5953800
12/21/17,329.589996,333.73999,327.209991,331.660004,331.660004,4385200
12/22/17,329.51001,330.920013,324.820007,325.200012,325.200012,4215800
12/26/17,323.829987,323.940002,316.579987,317.290009,317.290009,4378400
12/27/17,316,317.679993,310.75,311.640015,311.640015,4712100
12/28/17,311.75,315.820007,309.540009,315.359985,315.359985,4316300
12/29/17,316.179993,316.410004,310,311.350006,311.350006,3777200